id,category,name,price,sales_price,color,gender
C1FB6010R003,Zoccoli,zoccoli con tacco basso e fascia in crosta arancio,79.0,39.5,Arancio,Donna
C1HN9004Z011,Sandali,sandali doppia fascia in strass zeppa in rafia ambra,119.9,83.93,Arancio,Donna
C1GD9130M078,Sandali,sandali bassi modello ciabatta in sughero e strass bicolor arancio/marrone,69.0,34.5,Arancio,Donna
C1NB4030R003,Décolleté,dècollète  in pelle con listini arancio,129.0,64.5,Arancio,Donna
C1GD9001R003,Sandali,sandali con multilistini e strass arancio,89.9,62.93,Arancio,Donna
C1EF5014R003,Décolleté,dècollète in suede con punta affusolata e catena decorativa arancio,139.0,69.5,Arancio,Donna
C1FD8004R003,Sandali,sandali con fascia in cavallino maculato e tacco a clessidra arancio,119.0,59.5,Arancio,Donna
C1FD6002R003,Sandali,sandali in pelle scamosciata con fascia decorara e fiore in 3d. arancio,109.0,54.5,Arancio,Donna
C1XO5557L001,Sandali,sandali doppia fascia effetto laminato argento,139.0,,Argento,Donna
C1NA2027L001,Sandali,sandalo con laccio dietro in pelle laminata argento,129.9,,Argento,Donna
C1GE9011L001,Sandali,sandali schiava effetto laminato argento,79.9,55.93,Argento,Donna
C1GE9012L001,Sandali,sandali stampa effetto pitonato con strass argento,89.9,62.93,Argento,Donna
C1MB9076L001,Sandali,sandali asimmetrici effetto laminato con strass argento,99.9,69.93,Argento,Donna
C1MB9003L001,Sandali,sandali con strass argento,109.0,54.5,Argento,Donna
C1MB9002L001,Sandali,sandali doppio nodo con strass argento,109.0,54.5,Argento,Donna
C1GD9001L001,Sandali,sandali con multilistini e strass argento,89.9,62.93,Argento,Donna
C1LB9014L001,Sandali,sandali gilda effetto laminato con fasce strass davanti argento,99.9,69.93,Argento,Donna
C1LB9011L001,Sandali,sandali effetto laminato a gabbia argento,89.9,62.93,Argento,Donna
C1DZ9130L001,Tronchetti,tronchetto in nylon con suola rialzata argento,129.0,64.5,Argento,Donna
C1LB9007L001,Sandali,sandali effetto laminato con dettaglio strass davanti argento,99.9,69.93,Argento,Donna
C1HM9050L001,Sandali,sandali gilda in rafia e tessuto con zeppa corda argento,89.0,44.5,Argento,Donna
C1MD9007L001,Sandali,sandalo gilda con strass argento,119.0,59.5,Argento,Donna
C1LF9003L001,Sandali,sandali chiusi dietro con strass argento,99.0,49.5,Argento,Donna
C1HB9030L001,Sandali,sandali con zeppa e tre fasce con strass argento,89.0,44.5,Argento,Donna
C1GN9050L001,Sandali,sandali fasce con strass argento,89.0,44.5,Argento,Donna
C1GN9020L001,Sandali,sandali chiusi sul retro e lacci con strass argento,89.0,44.5,Argento,Donna
C1GG2003L001,Sandali,sandali infradito in pelle metallizzata laccio alla caviglia argento,109.0,54.5,Argento,Donna
C1GG2001L001,Sandali,sandali in pelle metallizzata con laccio alla caviglia argento,109.0,54.5,Argento,Donna
C1XO5560W002,Sandali,sandali con incrocio bicolore bianco/argento,129.0,,Argento|Bianco,Donna
C1NC9042B063,Sandali,sandali metallizzati con listini imbottiti cobalto/verde,109.9,76.93,Azzurro,Donna
C1EF2012B018,Décolleté,dècollète in similpelle laminata con fasce laterali e fibbia multi azzurro,149.0,74.5,Azzurro,Donna
C1ED5003B018,Mocassini,mocassini in pelle scamosciata con frangia multi azzurro,129.9,90.93,Azzurro,Donna
C1HF9000W069,Sandali,sandali zeppa in tessuto bianco/celeste,89.9,,Azzurro|Bianco,Donna
C1XM1534M006,Sandali,sandali in pelle multilistni incrociati sabbia,165.0,,Beige,Donna
C1XA9107M072,Décolleté,décolleté in canvas con allacciatura alla schiava ecru,105.0,,Beige,Donna
C1XA9105M006,Décolleté,décolleté in microfibra sabbia,105.0,,Beige,Donna
C1XA9100M006,Décolleté,décolleté in microfibra con borche sabbia,119.0,,Beige,Donna
C1NA4027W059,Sandali,sandalo laccio dietro in pelle osso,129.9,,Beige,Donna
C1NA4022W025,Décolleté,décollété in pelle aperte dietro nude,129.9,,Beige,Donna
C1NA4021W059,Décolleté,décollété in pelle osso,129.9,,Beige,Donna
C1ED9014W059,Slingback,slingback in paglia intrecciata osso,109.9,,Beige,Donna
C1DS1012M008,Mocassini,mocassino in pelle con accessorio smaltato beige,119.9,,Beige,Donna
C1DH9005M008,Running,running con ricamo beige,119.9,,Beige,Donna
C1XW6010M032,Tronchetti,tronchetto da donna con pelliccia sintetica e allacciatura camel,125.0,50.0,Beige,Donna
C1XW6000M032,Tronchetti,tronchetto da donna con pelliccia sintetica camel,115.0,46.0,Beige,Donna
C1LF5505M008,Tronchetti,tronchetto in camoscio con cinturino beige,149.9,74.95,Beige,Donna
C1FE6001M003,Tronchetti,tronchetto da donna in pelle scamosciata con elastici biscotto,119.9,59.95,Beige,Donna
C1DZ6012M008,Tronchetti,tronchetto da donna con doppia cerniera in pelle scamosciata beige,119.9,59.95,Beige,Donna
C1DR6039M032,Sabot,sabot in pelle scamosciata camel,69.9,34.95,Beige,Donna
C1DR6029M032,Tronchetti,tronchetto alla caviglia in pelle scamosciata camel,79.9,39.95,Beige,Donna
C1DR6028M032,Tronchetti,tronchetto con elastico suola alta camel,89.9,44.95,Beige,Donna
C1DR6027M032,Tronchetti,tronchetto in pelle scamosciata con suola alta camel,79.9,39.95,Beige,Donna
C1DN9002M008,Running,running in nylon beige,119.9,59.95,Beige,Donna
C1DL6000M008,Running,running da donna in pelle scamosciata beige,99.9,49.95,Beige,Donna
C1XK9006M008,Sandali,sandali in tessuto su zeppa corda beige,125.0,50.0,Beige,Donna
C1EF5004M072,Tronchetti,tronchetti affusolati in pelle con cerniera laterale e tacchetto medio ecru,149.9,104.93,Beige,Donna
C1LC5426M006,Sandali,"sandali modello a ""t"" in camoscio e nappa con accessorio catena sabbia",139.9,97.93,Beige,Donna
C1LC5927M006,Ciabatte,ciabatta in camoscio e nappa con accessorio catena sabbia,139.9,97.93,Beige,Donna
C1XA9010M006,Sandali,sandali in tessuto con allacciatura schiava su zeppa corda sabbia,105.0,42.0,Beige,Donna
C1NA4140W025,Tronchetti,tronchetto donna in nappa con elastico nude,159.0,79.5,Beige,Donna
C1DF6124M008,Slip-on,slip-on in pelle scamosciata laminata con riporti glitter beige,139.9,97.93,Beige,Donna
C1LF5006M006,Sandali,sandali gilda in pelle con accessorio anello sabbia,139.9,97.93,Beige,Donna
C1XW6008M032,Tronchetti,tronchetto da donna con bordo mocassino e pelliccia sintetica camel,125.0,50.0,Beige,Donna
C1DE5015M072,Slip-on,slip-on in camoscio con fascia strass ecru,139.9,97.93,Beige,Donna
C1NC1052M003,Sandali,sandali in nappa con fascia e incrocio alla caviglia biscotto,119.9,83.93,Beige,Donna
C1LA6110,Stivali,stivali in pelle scamosciata con cuciture ornamentali,179.0,71.6,Beige,Donna
C1EF5005M072,Décolleté,décolleté due fasce in pelle scamosciata con laccio dietro ecru,129.9,90.93,Beige,Donna
C1XA9003M006,Sandali,sandali in tessuto con borchie su zeppa corda sabbia,105.0,42.0,Beige,Donna
C1XR6011,Stivali,stivali alti in pelle scamosciata,169.0,67.6,Beige,Donna
C1XA9002M006,Sandali,sandali in tessuto e zeppa in corda sabbia,105.0,42.0,Beige,Donna
C1HA6001M003,Tronchetti,tronchetto donna in crosta con elastico biscotto,119.0,59.5,Beige,Donna
C1GF9001W059,Sandali,sandali frate con doppia catena osso,109.9,76.93,Beige,Donna
C1LM1043M008,Sandali,sandali in pelle con fascia e incrocio beige,99.9,69.93,Beige,Donna
C1NB5010M072,Décolleté,dècollète in pelle scamosciata ecru,129.0,64.5,Beige,Donna
C1DN6026L017,Sneakers,sneakers in pelle scamosciata e tessuto multi sabbia,139.9,97.93,Beige,Donna
C1XB1007W025,Sandali,sandali in pelle con mignon strass nude,135.0,54.0,Beige,Donna
C1DN1037M008,Sneakers,sneakers in pelle e pizzo beige,139.9,97.93,Beige,Donna
C1EF5016M072,Décolleté,dècollète in suede con cinturino asimmetrico e catena decorativa ecru,139.0,69.5,Beige,Donna
C1HF9002M008,Sandali,sandali in canvas su zeppa in corda beige,79.0,39.5,Beige,Donna
C1EF4015M008,Décolleté,dècollète con gabbia che cinge la caviglia e catena decorativa beige,149.0,74.5,Beige,Donna
C1DN1004M008,Sneakers,sneakers in pelle con ricamo imbottito beige,149.0,74.5,Beige,Donna
C1DB6031M008,Sneakers,sneakers in pelle scamosciata e tessuto beige,99.9,69.93,Beige,Donna
C1XV7000W025,Mocassini,mocassini donna in camoscio con mignon strass nude,125.0,50.0,Beige,Donna
C1XW6006M032,Tronchetti,tronchetto donna con bordo mocassino e pelliccia sintetica camel,125.0,50.0,Beige,Donna
C1XV1000W025,Mocassini,mocassini in pelle con morsetto nude,125.0,50.0,Beige,Donna
C1EF5002,Tronchetti,tronchetti spuntati in pelle scamosciata,129.0,64.5,Beige,Donna
C1DN9570,Slip,slip on in maglia elastica con inserti in pelle e camoscio,149.0,59.6,Beige,Donna
C1DR6006M032,Tronchetti,tronchetto in pelle scamosciata con inserto a contrasto camel,89.0,44.5,Beige,Donna
C1HF8084M006,Ciabatte,ciabatta su fondo zeppa sabbia,95.0,66.5,Beige,Donna
C1HF8083M006,Sandali,sandalo spuntato su fondo zeppa sabbia,95.0,66.5,Beige,Donna
C1ED5003L017,Mocassini,mocassini in pelle scamosciata con frangia multi sabbia,129.9,90.93,Beige,Donna
C1ED5002M072,Mocassini,mocassini donna in pelle scamosciata con morsetto strass ecru,129.9,90.93,Beige,Donna
C1XW9003M032,Tronchetti,tronchetto donna con trapuntatura e pelliccia sintetica camel,115.0,46.0,Beige,Donna
C1LB5209M006,Sandali,sandali in pelle scamosciata con strass sabbia,149.0,74.5,Beige,Donna
C1GH5007M006,Ciabatte,ciabatte in pelle scamosciata e raffia sabbia,99.0,49.5,Beige,Donna
C1GH5002M006,Sandali,sandali in pelle scamosciata e raffia sabbia,99.0,49.5,Beige,Donna
C1EL5050M008,Altro,scarpe in suede realizzate in camoscio aperte sul retro con morsetto trasparente beige,139.0,69.5,Beige,Donna
C1EL5010M008,Altro,scarpe in suede realizzate in camoscio con gabbia asimmetrica intrecciata beige,149.0,74.5,Beige,Donna
C1DS1013W050,Sneakers,sneaker in pelle con accessorio smaltato bianco/beige,129.9,,Beige|Bianco,Donna
C1DS1013M045,Sneakers,sneaker in pelle con accessorio smaltato beige/bianco,129.9,,Beige|Bianco,Donna
C1XA5563W001,Sandali,sandali asimmetrico con mignons bianco,105.0,,Bianco,Donna
C1DS1014W001,Sneakers,sneaker in pelle con accessori strass bianco,129.9,,Bianco,Donna
C1DS1012W001,Mocassini,mocassino in pelle con accessorio smaltato bianco,119.9,,Bianco,Donna
C1DS1001W001,Sneakers,sneaker in pelle con micro strass bianco,129.9,,Bianco,Donna
C1DN9500W001,Stringate,francesina lacci in tessuto e pelle con accessori leva e metti bianco,129.9,,Bianco,Donna
C1DN1400W001,Slip-on,slip-on da donna con borchie e strass bianco,129.9,,Bianco,Donna
C1DN1007W001,Running,running da donna allacciata con zip bianco,129.9,,Bianco,Donna
C1DH9004W079,Running,running in tessuto e pelle scamosciata bianco fuxia,99.9,,Bianco,Donna
C1XT1012W050,Sneakers,sneakers da donna in pelle e pelle scamosciata con accessorio bianco/beige,149.0,59.6,Bianco,Donna
C1DZ6001W012,Tronchetti,tronchetto da donna in pelle scamosciata ghiaccio,119.9,59.95,Bianco,Donna
C1DZ1001W015,Tronchetti,tronchetto da donna in pelle panna,119.9,59.95,Bianco,Donna
C1DN1085W001,Running,running slip-on con accessorio gioiello bianco,139.9,69.95,Bianco,Donna
C1DL1000W001,Running,running da donna con riporti laminati bianco,99.9,49.95,Bianco,Donna
C1DA1032W050,Sneakers,sneakers da donna in pelle con lacci bianco/beige,109.9,54.95,Bianco,Donna
C1DA1031W088,Sneakers,sneakers da donna in pelle e pelle scamosciata con riporti effetto metallico bianco camel,109.9,54.95,Bianco,Donna
C1DA1031W087,Sneakers,sneakers da donna in pelle e pelle scamosciata con riporti effetto metallico bianco maculato,109.9,54.95,Bianco,Donna
C1DB6031W022,Sneakers,sneakers da donna in pelle scamosciata e tessuto off white,89.9,44.95,Bianco,Donna
C1FL9030,Stivali,stivali a coscia in similnappa con suola monoblocco,139.0,55.6,Bianco,Donna
C1GG9035W036,Sandali,sandali frate con tomaia multi listini bianco/oro,109.9,76.93,Bianco,Donna
C1EF1004W022,Tronchetti,tronchetti affusolati in pelle con cerniera laterale e tacchetto medio off white,149.9,104.93,Bianco,Donna
C1HN9008W001,Ciabatte,ciabatta tre fasce su zeppa in rafia bianco,119.9,83.93,Bianco,Donna
C1LC4023W001,Sandali,sandali asimmetrici in pelle bianco,139.9,97.93,Bianco,Donna
C1NB4056W015,Décolleté,décolleté in nappa con aperture laterali panna,129.9,90.93,Bianco,Donna
C1XV4200W001,Sandali,sandali in pelle con borchie bianco,159.0,63.6,Bianco,Donna
C1XP9011W001,Ciabatte,ciabatte in vernice con fibbia bianco,79.0,31.6,Bianco,Donna
C1DN1025W001,Slip-on,slip-on da donna in pelle e glitter bianco,139.9,97.93,Bianco,Donna
C1EN4001W037,Tronchetti,tronchetto donna in nappa con elastici latte,139.9,97.93,Bianco,Donna
C1ND9031W084,Ciabatte,ciabatta bicolor con listini imbottiti panna/oro,109.9,76.93,Bianco,Donna
C1FC1106W022,Stivali,stivale in pelle con cerniera off white,179.0,89.5,Bianco,Donna
C1GG9033W036,Infradito,infradito con tomaia multi listini bianco/oro,99.9,69.93,Bianco,Donna
C1HN9006W001,Sandali,sandalo gilda su zeppa in rafia bianco,119.9,83.93,Bianco,Donna
C1NB4050W015,Décolleté,décolleté in nappa panna,129.9,90.93,Bianco,Donna
C1FD1301W022,Tronchetti,tronchetto allacciato in pelle off white,129.0,64.5,Bianco,Donna
C1DF6124W001,Slip-on,slip-on in pelle scamosciata laminata con riporti glitter bianco,139.9,97.93,Bianco,Donna
C1ND1050W015,Sandali,sandali a fascia in nappa panna,119.9,83.93,Bianco,Donna
C1FC1103W022,Stivaletti,stivaletto donna in pelle off white,169.0,84.5,Bianco,Donna
C1XJ1960W001,Sandali,sandali con lacci in strass bianco,135.0,54.0,Bianco,Donna
C1NA4093W015,Décolleté,"décolleté a ""t"" aperta dietro in nappa panna",129.9,90.93,Bianco,Donna
C1XJ1958W001,Sandali,sandali infradito in pelle con accessorio bianco,125.0,50.0,Bianco,Donna
C1DE1015W001,Slip-on,slip-on con fascia strass bianco,139.9,97.93,Bianco,Donna
C1DM9133W005,Sneakers,sneakers mid patchwork zebrati multi bianco,79.9,55.93,Bianco,Donna
C1HB4129W015,Sandali,sandali asimmetrici in nappa con zeppa effetto imbottito panna,129.9,90.93,Bianco,Donna
C1HB4127W015,Sandali,sandali in nappa con zeppa effetto imbottito panna,129.9,90.93,Bianco,Donna
C1XJ1957W001,Sandali,sandali gladiatore in pelle con accessorio bianco,125.0,50.0,Bianco,Donna
C1DM9128W038,Sneakers,sneakers in tessuto jeans con strass burro,89.9,62.93,Bianco,Donna
C1HB4026W015,Sandali,sandali incrocio in nappa con zeppa strass panna,129.9,90.93,Bianco,Donna
C1XJ1956W001,Sandali,sandali in pelle mignon con accessorio triangolo strass bianco,135.0,54.0,Bianco,Donna
C1EF1001W022,Décolleté,décolleté con laccio dietro con tomaia in pelle intrecciata off white,129.9,90.93,Bianco,Donna
C1EL4103W001,Altro,scarpe in nappa con morsetto bianco,129.9,90.93,Bianco,Donna
C1EL4003W001,Altro,scarpe in nappa aperte sul retro con morsetto bianco,129.9,90.93,Bianco,Donna
C1GD9004W001,Sandali,sandali con borchie sfaccettate bianco,99.9,69.93,Bianco,Donna
C1HB4024W015,Ciabatte,ciabatta in nappa con zeppa strass panna,129.9,90.93,Bianco,Donna
C1LM1045W001,Sandali,sandali in pelle con accessorio bianco,109.9,76.93,Bianco,Donna
C1DG9004W052,Sneakers,sneakers in tessuto sfrangiato e cuciture a contrasto bianco/verde,89.9,62.93,Bianco,Donna
C1LM1044W001,Ciabatte,ciabatta con doppia fascia bianco,99.9,69.93,Bianco,Donna
C1DG9004V003,Sneakers,sneakers in tessuto sfrangiato e cuciture a contrasto bianco/fuxia,89.9,62.93,Bianco,Donna
C1EL3001W001,Altro,scarpe aperte dietro in vernice con bordo e cinturino bianco,129.9,90.93,Bianco,Donna
C1DN1047W001,Sneakers,sneakers in pelle bianco,135.0,94.5,Bianco,Donna
C1DH9004G050,Running,running in tessuto e pelle scamosciata bianco salvia,99.9,,Bianco,Donna
C1DN1037W001,Sneakers,sneakers in pelle e pizzo bianco,139.9,97.93,Bianco,Donna
C1DG9002W001,Sneakers,sneakers in tessuto sfrangiato e patch di strass bianco,99.9,69.93,Bianco,Donna
C1DN1029W001,Sneakers,sneakers in pelle e strass bianco,149.9,104.93,Bianco,Donna
C1DN1028W001,Sneakers,sneakers in pelle scamosciata con borchie e strass bianco,149.9,104.93,Bianco,Donna
C1DN1027W001,Sneakers,sneakers in pelle con borchie bianco,139.9,97.93,Bianco,Donna
C1ED9005W002,Ballerine,ballerine aperte dietro con retina e strass bianco/argento,129.9,90.93,Bianco,Donna
C1DB6032W022,Sneakers,sneakers in pelle scamosciata e glitter off white,99.9,69.93,Bianco,Donna
C1EF4016W022,Décolleté,dècollète con chiusura asimmetrica e catena decorativa off white,139.0,69.5,Bianco,Donna
C1DN1014W001,Sneakers,sneakers in pelle con ricamo e accessorio cuore removibile bianco,149.0,74.5,Bianco,Donna
C1DN1003W001,Slip-on,slip-on donna in pellle con inserti laminati bianco,139.0,69.5,Bianco,Donna
C1DN1002W005,Sneakers,sneakers in pelle patchwork multi bianco,149.0,74.5,Bianco,Donna
C1DN1001W001,Slip-on,slip-on donna in pelle con strass bianco,139.0,69.5,Bianco,Donna
C1GC4014W001,Sandali,sandali gilda in nappa con accessorio strass bianco,99.9,69.93,Bianco,Donna
C1DN9670W001,Sneakers,sneakers slip on in tessuto lurex e pelle bianco,149.0,74.5,Bianco,Donna
C1FD1303W022,Tronchetti,tronchetto donna in pelle off white,129.0,64.5,Bianco,Donna
C1FD1302W022,Tronchetti,tronchetto in pelle con elastico off white,129.0,64.5,Bianco,Donna
C1EF2003,Tronchetti,tronchetti spuntati in pelle traforata con doppio uso,139.0,69.5,Bianco,Donna
C1DZ6002W012,Tronchetti,tronchetto in pelle scamosciata con laccio strass ghiaccio,149.0,74.5,Bianco,Donna
C1EG4311W001,Mocassini,mocassini in pelle con morsetto strass bianco,99.9,69.93,Bianco,Donna
C1HF9004W005,Sandali,sandali in tessuto ricamato su zeppa in corda multi bianco,99.0,49.5,Bianco,Donna
C1DN9250,Slip,SLIP ON IN TESSUTO TECNICO LUREX,139.0,69.5,Bianco,Donna
C1EG4111W001,Mocassini,mocassini donna in pelle con catena bianco,99.9,69.93,Bianco,Donna
C1DM9123W001,Tronchetti,tronchetto donna con elastico e platform bianco,119.0,59.5,Bianco,Donna
C1HF8081W001,Sandali,sandali bicolor su zeppa in pelle bianco,95.0,66.5,Bianco,Donna
C1DE1016W011,Mocassini,mocassini con accessorio catena bianco/platino,119.9,83.93,Bianco,Donna
C1XL1131W022,Tronchetti,tronchetto donna in pelle allacciato off white,159.0,63.6,Bianco,Donna
C1XL1132W022,Tronchetti,tronchetto donna in pelle con elastico off white,159.0,63.6,Bianco,Donna
C1LC5007W005,Sandali,sandali gilda con accessorio multi bianco,149.0,74.5,Bianco,Donna
C1LC4002W038,Sandali,sandali due fasce in pelle burro,139.0,69.5,Bianco,Donna
C1LB4207W038,Ciabatte,ciabatte in pelle con catena burro,149.0,74.5,Bianco,Donna
C1XD0108W036,Sneakers,sneakers donna allacciata bianco/oro,149.0,59.6,Bianco,Donna
C1XD0108W003,Sneakers,sneakers donna allacciata bianco/rosa,149.0,59.6,Bianco,Donna
C1LB4206W038,Sandali,sandali in pelle con catena burro,149.0,74.5,Bianco,Donna
C1HH9004W001,Sandali,sandali frate in rafia e con strass bianco,119.0,59.5,Bianco,Donna
C1HH9001W001,Sandali,sandali gilda tre fasce rafia e strass bianco,119.0,59.5,Bianco,Donna
C1GH1002W001,Sandali,sandali con fasce in pelle e raffia bianco,99.0,49.5,Bianco,Donna
C1GF1003W005,Sandali,sandali fascia in pelle multicolor multi bianco,99.0,49.5,Bianco,Donna
C1EL3040W001,Altro,scarpe aperte dietro in pelle di vernice con tomaia intrecciata bianco,139.0,69.5,Bianco,Donna
C1DN1330,Sneakers,sneakers in pelle con inserti stampa monogramma cn,149.0,74.5,Bianco|Beige,Donna
C1XT1004W018,Sneakers,sneakers donna in pelle con applicazioni tallone bianco/nero,139.0,,Bianco|Nero,Donna
C1DL6100S022,Running,running da donna in pelle scamosciata e tessuto multi zebrato,99.9,49.95,Bianco|Nero,Donna
C1XT1005W036,Sneakers,sneakers donna in pelle e riporto effetto glitter sul tallone bianco/oro,129.0,,Bianco|Oro,Donna
C1DS6002B059,Mocassini,mocassino in pelle scamosciata accessorio smaltato multi jeans,119.9,,Blu,Donna
C1DL6000B012,Running,running da donna in pelle scamosciata blu,99.9,49.95,Blu,Donna
C1XB2005B022,Sandali,sandali schiava in pelle metallizzata azzurro,115.0,46.0,Blu,Donna
C1GE9011B021,Sandali,sandali schiava effetto laminato cobalto,79.9,55.93,Blu,Donna
C1XK9005B012,Sandali,sandali con mignon imbottiti su zeppa blu,125.0,50.0,Blu,Donna
C1GE9012B021,Sandali,sandali stampa effetto pitonato con strass cobalto,89.9,62.93,Blu,Donna
C1NA4090B060,Décolleté,décolleté in nappa blu royal,129.9,90.93,Blu,Donna
C1DM9132B059,Sneakers,sneakers patchwork multi jeans,79.9,55.93,Blu,Donna
C1HB4028B021,Sandali,sandali asimmetrici strass e nappa con zeppa righe strass cobalto,129.9,90.93,Blu,Donna
C1XA9000B012,Sandali,sandali in tessuto e zeppa in corda blu,105.0,42.0,Blu,Donna
C1GD9003B012,Sandali,sandali asimmetrici con strass blu,89.9,62.93,Blu,Donna
C1XA9012B022,Ciabatte,ciabatta effetto laminato con strass azzurro,109.0,43.6,Blu,Donna
C1XA9913B012,Sandali,sandali in tessuto su fondo corda blu,109.0,43.6,Blu,Donna
C1XA9912B012,Sandali,sandali in tessuto su zeppa corda blu,105.0,42.0,Blu,Donna
C1EG6211B012,Mocassini,mocassini in pelle scamosciata con vaschetta strass blu,99.9,69.93,Blu,Donna
C1EG6111B012,Mocassini,mocassini in pelle scamosciata con morsetto catena blu,99.9,69.93,Blu,Donna
C1EG4311B012,Mocassini,mocassini in pelle con morsetto strass blu,99.9,69.93,Blu,Donna
C1LD5050B012,Tronchetti,tronchetto donna in camoscio con fibbia blu,169.0,84.5,Blu,Donna
C1XV6004B040,Tronchetti,tronchetto donna in pelle scamosciata con elastici ottanio,195.0,78.0,Blu,Donna
C1HA6001R030,Tronchetti,tronchetto donna in crosta con elastico vinaccia,119.0,59.5,Bordeaux,Donna
C1EA9004R014,Stringate,derby donna in similpelle spazzolata con borchie bordeaux,99.0,49.5,Bordeaux,Donna
C1FA9501R014,Tronchetti,tronchetto in similpelle spazzolata bordeaux,99.0,49.5,Bordeaux,Donna
C1ND4002R047,Tronchetti,tronchetto donna in nappa con elastici ribes,149.0,74.5,Bordeaux,Donna
C1HD1040R014,Tronchetti,tronchetto donna in pelle bordeaux,159.0,63.6,Bordeaux,Donna
C1XW6005R010,Tronchetti,tronchetto donna alla caviglia con pelliccia sintetica glicine,105.0,42.0,Bordeaux,Donna
C1ED1005R014,Tronchetti,tronchetto in pelle con cerniera bordeaux,139.0,69.5,Bordeaux,Donna
C1EA9006R014,Tronchetti,tronchetto in similpelle spazzolata con elastici e borchie bordeaux,109.0,54.5,Bordeaux,Donna
C1LD3020R014,Mocassini,mocassino donna in naplak con morsetto bordeaux,159.0,79.5,Bordeaux,Donna
C1EA9003R014,Mocassini,mocassino in similpelle spazzolata e fibbia bordeaux,89.0,44.5,Bordeaux,Donna
C1XD0108R050,Sneakers,sneakers donna allacciata nero/fuxia,149.0,59.6,Bordeaux,Donna
C1XA9103B017,Sandali,sandali in canvas con applicazioni sulla tomaia jeans,119.0,,Celeste,Donna
C1XA9102B017,Décolleté,décolleté in canvas con borche jeans,119.0,,Celeste,Donna
C1DE5015B017,Slip-on,slip-on in camoscio con fascia strass jeans,139.9,97.93,Celeste,Donna
C1NA5010B003,Décolleté,dècollète in pelle scamosciata cielo,129.0,64.5,Celeste,Donna
C1DM9128B017,Sneakers,sneakers in tessuto jeans con strass jeans,89.9,62.93,Celeste,Donna
C1NA4030B003,Décolleté,dècollète' in pelle con cinturino alla caviglia cielo,129.0,64.5,Celeste,Donna
C1DM9127B017,Sneakers,sneakers mid in tessuto jeans con strass jeans,89.9,62.93,Celeste,Donna
C1NB4020B003,Décolleté,dècollète in pelle aperte dietro cielo,129.0,64.5,Celeste,Donna
C1ED9105B017,Ballerine,ballerine asimmetriche in denim con rete strass jeans,119.9,83.93,Celeste,Donna
C1EF5017B003,Tronchetti,tronchetti in suede con tacco basso cielo,149.0,74.5,Celeste,Donna
C1DG9001B017,Sneakers,sneakers in denim sfrangiato jeans,99.9,69.93,Celeste,Donna
C1DB6030B015,Sneakers,sneakers in pelle scamosciata e tessuto con riporti glitter celeste,99.9,69.93,Celeste,Donna
C1LB4207B015,Ciabatte,ciabatte in pelle con catena celeste,149.0,74.5,Celeste,Donna
C1GN9050B015,Sandali,sandali fasce con strass celeste,89.0,44.5,Celeste,Donna
C1XA5563M007,Sandali,sandali asimmetrico con mignons cuoio,105.0,,Cuoio,Donna
C1XV1226M007,Tronchetti,tronchetto da donna in pelle con lacci dietro cuoio,169.0,67.6,Cuoio,Donna
C1XV1123M007,Décolleté,décolleté in pelle con morsetto tacco 60 mm cuoio,149.0,59.6,Cuoio,Donna
C1XV1115M007,Décolleté,décolleté  in pelle con accessorio tacco 70 mm cuoio,149.0,59.6,Cuoio,Donna
C1XR1043M020,Stringate,derby da uomo in pelle con forature inglesi cognac,149.0,59.6,Cuoio,Donna
C1XL1234M007,Tronchetti,tronchetto da donna in pelle con cerniera sul retro cuoio,159.0,63.6,Cuoio,Donna
C1XA1007M020,Tronchetti,tronchetto da donna in pelle con cerniera cognac,149.0,59.6,Cuoio,Donna
C1NA5045M007,Décolleté,décolleté in camoscio con nappine cuoio,129.9,64.95,Cuoio,Donna
C1LB5501M007,Stivali,stivale in camoscio cuoio,169.9,84.95,Cuoio,Donna
C1LB4402M007,Tronchetti,tronchetto in pelle bimateriale cuoio,149.9,74.95,Cuoio,Donna
C1HB6001M007,Tronchetti,tronchetto da donna liscio in pelle scamosciata cuoio,139.9,69.95,Cuoio,Donna
C1HB1001M007,Tronchetti,tronchetto da donna liscio in pelle cuoio,149.9,74.95,Cuoio,Donna
C1GA4332M007,Tronchetti,tronchetto da donna filoforma in pelle cuoio,109.9,54.95,Cuoio,Donna
C1DN1184M059,Running,running allacciata con zip nocciola,129.9,64.95,Cuoio,Donna
C1DN1183M059,Tronchetti,tronchetto con riporto in nylon e camoscio nocciola,129.9,64.95,Cuoio,Donna
C1DM9002M007,Sneakers,sneakers da donna mid 3 fibbie cuoio,89.9,44.95,Cuoio,Donna
C1DE1032M059,Sneakers,sneakers da donna in pelle con accessori gioiello removibili nocciola,129.9,64.95,Cuoio,Donna
C1HN9008M007,Ciabatte,ciabatta tre fasce su zeppa in rafia cuoio,119.9,83.93,Cuoio,Donna
C1XV1118M007,Tronchetti,tronchetto da donna in pelle con accessorio e tacco 70 mm cuoio,199.0,79.6,Cuoio,Donna
C1HN9007M007,Sandali,sandali frate su zeppa in rafia cuoio,119.9,83.93,Cuoio,Donna
C1HL9002M007,Ciabatte,ciabatte doppia fibbia in raffia intrecciata cuoio,99.0,49.5,Cuoio,Donna
C1XV1223M007,Mocassini,mocassino da donna in pelle con frangia cuoio,149.0,59.6,Cuoio,Donna
C1EN6003M007,Tronchetti,tronchetto in pelle scamosciata e intreccio con fibbia cuoio,139.9,97.93,Cuoio,Donna
C1FC1103M007,Stivaletti,stivaletto donna in pelle cuoio,169.0,84.5,Cuoio,Donna
C1LN9001M007,Sandali,sandali gabbia con strass triangolo cuoio,99.9,69.93,Cuoio,Donna
C1XJ1958M007,Sandali,sandali infradito in pelle con accessorio cuoio,125.0,50.0,Cuoio,Donna
C1ED1300M020,Mocassini,mocassino da donna in pelle con nappine cognac,119.9,59.95,Cuoio,Donna
C1GD9006M007,Sandali,sandali asimmetrici con borchie sfaccettate cuoio,89.9,62.93,Cuoio,Donna
C1XB1013M007,Sandali,sandali infradito in camoscio accessorio gioiello cuoio,135.0,54.0,Cuoio,Donna
C1LM1041M007,Sandali,sandali modello gilda in pelle cuoio,99.9,69.93,Cuoio,Donna
C1LF1003M020,Tronchetti,tronchetto donna in pelle con fibbia cognac,159.0,79.5,Cuoio,Donna
C1GC5014M007,Sandali,sandali gilda in camoscio con accessorio strass cuoio,99.9,69.93,Cuoio,Donna
C1GC5013M007,Sandali,sandali infradito in camoscio con accessorio strass cuoio,99.9,69.93,Cuoio,Donna
C1LC1101M007,Tronchetti,tronchetto donna in pelle con cerniera cuoio,159.0,79.5,Cuoio,Donna
C1GC5012M007,Sandali,sandali in camoscio con accessorio strass cuoio,99.9,69.93,Cuoio,Donna
C1LE6004M007,Stivali,stivale  3/4 donna in pelle scamosciata cuoio,169.0,84.5,Cuoio,Donna
C1HC1002M007,Tronchetti,tronchetto in pelle con elastico e borchie cuoio,159.0,63.6,Cuoio,Donna
C1XV1093M020,Stivaletti,stivaletto donna in pelle scamosciata con elastico cognac,179.0,71.6,Cuoio,Donna
C1XV1000M007,Mocassini,mocassini in pelle con morsetto cuoio,125.0,50.0,Cuoio,Donna
C1XV1073M020,Stivali,stivale donna in pelle cognac,225.0,90.0,Cuoio,Donna
C1HD6001M007,Stivali,stivale in pelle scamosciata cuoio,149.9,74.95,Cuoio,Donna
C1LE1003M007,Tronchetti,tronchetto donna stile texano in pelle cuoio,169.0,84.5,Cuoio,Donna
C1HF8082M007,Sandali,sandali incrocio su fondo zeppa cuoio,95.0,66.5,Cuoio,Donna
C1HF8081M007,Sandali,sandali bicolor su zeppa in pelle cuoio,95.0,66.5,Cuoio,Donna
C1XR1035M020,Tronchetti,tronchetto donna in pelle con elastici cognac,189.0,75.6,Cuoio,Donna
C1XR1036M020,Stivaletti,stivaletto donna in pelle con elastici cognac,175.0,70.0,Cuoio,Donna
C1ED1002M007,Mocassini,mocassino in pelle con borchie cuoio,139.0,69.5,Cuoio,Donna
C1XV1067M020,Tronchetti,tronchetto donna in pelle con cerniera cognac,195.0,78.0,Cuoio,Donna
C1XV1079M020,Tronchetti,tronchetto donna in pelle con elastico cognac,169.0,67.6,Cuoio,Donna
C1XV1089M020,Stivaletti,stivaletto in pelle con elestico e cerniera cognac,195.0,78.0,Cuoio,Donna
C1XV1095M020,Tronchetti,tronchetto donna in pelle scamosciata con elastico cognac,165.0,66.0,Cuoio,Donna
C1HP1030M077,Sandali,sandali su zeppa in pelle e glitter cuoio/platino,99.0,49.5,Cuoio,Donna
C1HH9007M007,Sandali,sandali doppia fascia con accessorio cuoio,119.0,59.5,Cuoio,Donna
C1HH9004M007,Sandali,sandali frate in rafia e con strass cuoio,119.0,59.5,Cuoio,Donna
C1GH5006M007,Sandali,sandali incrocio in pelle scamosciata e raffia cuoio,99.0,49.5,Cuoio,Donna
C1ED9014V004,Slingback,slingback in paglia intrecciata fuxia,109.9,,Fuxia,Donna
C1NB4058V004,Décolleté,décolleté in nappa chiusa sul davanti fuxia,129.9,90.93,Fuxia,Donna
C1XV9209V004,Sandali,sandali gilda effetto metallizzato fuxia,115.0,46.0,Fuxia,Donna
C1FB6020V004,Zoccoli,zoccoli intrecciati con tacco alto in legno e plateau fuxia,99.0,49.5,Fuxia,Donna
C1XV5002V004,Décolleté,décolleté in camoscio con laccio alla caviglia fuxia,149.0,59.6,Fuxia,Donna
C1EF5004V004,Tronchetti,tronchetti affusolati in pelle con cerniera laterale e tacchetto medio fuxia,149.9,104.93,Fuxia,Donna
C1XK9005V004,Sandali,sandali con mignon imbottiti su zeppa fuxia,125.0,50.0,Fuxia,Donna
C1GE9012V004,Sandali,sandali stampa effetto pitonato con strass fuxia,89.9,62.93,Fuxia,Donna
C1HN9003V004,Sandali,sandali con fasce incrocio strass su zeppa in rafia fuxia,119.9,83.93,Fuxia,Donna
C1EF9002V004,Décolleté,décolleté laccio dietro tomaia a gabbia effetto vernice fuxia,129.9,90.93,Fuxia,Donna
C1XA9003V004,Sandali,sandali in tessuto con borchie su zeppa corda fuxia,105.0,42.0,Fuxia,Donna
C1DM9135V004,Sneakers,sneakers mid pizzo degradé con lacci sfumati fuxia,79.9,55.93,Fuxia,Donna
C1EF5005V004,Décolleté,décolleté due fasce in pelle scamosciata con laccio dietro fuxia,129.9,90.93,Fuxia,Donna
C1NC1051V004,Sandali,sandali incrocio con toppone in pelle fuxia,119.9,83.93,Fuxia,Donna
C1NA5020V004,Décolleté,dècollète in pelle scamosciata e lacci fuxia,129.0,64.5,Fuxia,Donna
C1XA9002V004,Sandali,sandali in tessuto e zeppa in corda fuxia,105.0,42.0,Fuxia,Donna
C1HB4028V004,Sandali,sandali asimmetrici strass e nappa con zeppa righe strass fuxia,129.9,90.93,Fuxia,Donna
C1MB1077V004,Sandali,sandali in pelle con fascia asimmetrica fuxia,119.9,83.93,Fuxia,Donna
C1EL5003V004,Altro,scarpe aperte sul retro in pelle scamosciata con morsetto fuxia,129.9,90.93,Fuxia,Donna
C1DM9125V004,Sneakers,sneakers mid pizzo degradé con lacci strass fuxia,89.9,62.93,Fuxia,Donna
C1GD9003V004,Sandali,sandali asimmetrici con strass fuxia,89.9,62.93,Fuxia,Donna
C1GF9005V004,Sandali,sandali asimmetrici con infilatura in microstrass fuxia,99.9,69.93,Fuxia,Donna
C1EL3002V004,Altro,scarpe aperte in vernice con gabbia asimmetrica intrecciata fuxia,129.9,90.93,Fuxia,Donna
C1GF9001V004,Sandali,sandali frate con doppia catena fuxia,109.9,76.93,Fuxia,Donna
C1EL3001V004,Altro,scarpe aperte dietro in vernice con bordo e cinturino fuxia,129.9,90.93,Fuxia,Donna
C1DG9002V004,Sneakers,sneakers in tessuto sfrangiato e patch di strass fuxia,99.9,69.93,Fuxia,Donna
C1EF5015V004,Décolleté,dècollète in suede con gabbia decorativa fuxia,149.0,74.5,Fuxia,Donna
C1DB6032V004,Sneakers,sneakers in pelle scamosciata e glitter fuxia,99.9,69.93,Fuxia,Donna
C1GC5003V002,Sandali,sandali in camoscio e stampa maculata con accessorio strass multi fuxia,99.9,69.93,Fuxia,Donna
C1LB9014V004,Sandali,sandali gilda effetto laminato con fasce strass davanti fuxia,99.9,69.93,Fuxia,Donna
C1XW6005V004,Tronchetti,tronchetto donna alla caviglia con pelliccia sintetica fuxia,105.0,42.0,Fuxia,Donna
C1EF2012V002,Décolleté,dècollète in similpelle laminata con fasce laterali e fibbia multi fuxia,149.0,74.5,Fuxia,Donna
C1DB6030V004,Sneakers,sneakers in pelle scamosciata e tessuto con riporti glitter fuxia,99.9,69.93,Fuxia,Donna
C1XV7000V004,Mocassini,mocassini donna in camoscio con mignon strass fuxia,125.0,50.0,Fuxia,Donna
C1EF2011V002,Décolleté,dècollète in pelle laminata con fasce laterali multi fuxia,149.0,74.5,Fuxia,Donna
C1EG6111V004,Mocassini,mocassini in pelle scamosciata con morsetto catena fuxia,99.9,69.93,Fuxia,Donna
C1ED5002V004,Mocassini,mocassini donna in pelle scamosciata con morsetto strass fuxia,129.9,90.93,Fuxia,Donna
C1XV6004V004,Tronchetti,tronchetto donna in pelle scamosciata con elastici fuxia,195.0,78.0,Fuxia,Donna
C1XV6010V004,Décolleté,décolleté in pelle scamosciata tacco 100mm fuxia,155.0,62.0,Fuxia,Donna
C1LM9001V004,Sandali,sandalo a gabbia con cinturino alla caviglia fuxia,99.0,49.5,Fuxia,Donna
C1HL9001V004,Infradito,infradito in raffia intrecciata fuxia,99.0,49.5,Fuxia,Donna
C1GN9050V004,Sandali,sandali fasce con strass fuxia,89.0,44.5,Fuxia,Donna
C1GM9002V002,Sandali,sandali fasce incrocio in sintetico laminato multi fuxia,89.0,44.5,Fuxia,Donna
C1GH5006V004,Sandali,sandali incrocio in pelle scamosciata e raffia fuxia,99.0,49.5,Fuxia,Donna
C1GG1003V002,Sandali,sandali infradito in pelle con laccio alla caviglia multi fuxia,109.0,54.5,Fuxia,Donna
C1FD8004V004,Sandali,sandali con fascia in cavallino maculato e tacco a clessidra fuxia,119.0,59.5,Fuxia,Donna
C1FD6005V004,Sandali,sandali in pelle scamosciata con fiore 3d e cinturino alla caviglia fuxia,119.0,59.5,Fuxia,Donna
C1EL5020V002,Sandali,sandali gabbia modello gilda realizzati in camoscio multi fuxia,149.0,74.5,Fuxia,Donna
C1DE5015Z001,Slip-on,slip-on in camoscio con fascia strass giallo,139.9,97.93,Giallo,Donna
C1EL5003Z001,Altro,scarpe aperte sul retro in pelle scamosciata con morsetto giallo,129.9,90.93,Giallo,Donna
C1DG9002Z001,Sneakers,sneakers in tessuto sfrangiato e patch di strass giallo,99.9,69.93,Giallo,Donna
C1GC5014Z001,Sandali,sandali gilda in camoscio con accessorio strass giallo,99.9,69.93,Giallo,Donna
C1DB6032Z001,Sneakers,sneakers in pelle scamosciata e glitter giallo,99.9,69.93,Giallo,Donna
C1XA9910R037,Sandali,sandali in tessuto e zeppa in corda mango,109.0,43.6,Giallo,Donna
C1EG6111Z001,Mocassini,mocassini in pelle scamosciata con morsetto catena giallo,99.9,69.93,Giallo,Donna
C1ED5002Z001,Mocassini,mocassini donna in pelle scamosciata con morsetto strass giallo,129.9,90.93,Giallo,Donna
C1XD0110Z023,Sneakers,sneakers donna allacciata con glitter oro/maculato,149.0,59.6,Giallo,Donna
C1HL9001Z001,Infradito,infradito in raffia intrecciata giallo,99.0,49.5,Giallo,Donna
C1HB9051Z001,Sandali,sandali gilda con zeppa e doppia fascia con strass giallo,89.0,44.5,Giallo,Donna
C1DH9004Z005,Running,running in tessuto e pelle scamosciata multi giallo,99.9,,Giallo|Multicolor,Donna
C1DN9100N006,Slip-on,slip-on da donna con calzino grigio,99.9,,Grigio,Donna
C1XW6000N006,Tronchetti,tronchetto da donna con pelliccia sintetica grigio,115.0,46.0,Grigio,Donna
C1FC6006X004,Tronchetti,tronchetto da donna con elastico in pelle scamosciata con accessorio asfalto,159.9,79.95,Grigio,Donna
C1FC6004X004,Tronchetti,tronchetto da donna allacciato con accessorio in pelle scamosciata asfalto,149.9,74.95,Grigio,Donna
C1DZ6003N006,Tronchetti,tronchetto basso da donna in pelle scamosciata grigio,119.9,59.95,Grigio,Donna
C1DZ6001N006,Tronchetti,tronchetto da donna in pelle scamosciata grigio,119.9,59.95,Grigio,Donna
C1DB6000N006,Sneakers,sneakers da donna in pelle scamosciata e tessuto grigio,89.9,44.95,Grigio,Donna
C1HE1201N006,Stivali,stivale in pelle con fibbia e borchie grigio,179.0,71.6,Grigio,Donna
C1EB1002N006,Stringate,francesina in pelle con borchie grigio,139.0,69.5,Grigio,Donna
C1XW6004N006,Tronchetti,tronchetto donna con pelliccia sintetica grigio,115.0,46.0,Grigio,Donna
C1DN9520,Sneakers,sneakers in nylon e pelle scamosciata,149.0,59.6,Grigio,Donna
C1DN1380,Sneakers,sneakers in pelle con catena passalaccio,149.0,74.5,Grigio,Donna
C1EB1003N006,Mocassini,mocassino in pelle con borchie grigio,139.0,69.5,Grigio,Donna
C1FC1008X002,Tronchetti,tronchetto da donna con elastico in pelle spazzolata antracite,149.9,74.95,GrigioScuro,Donna
C1DM9002X002,Sneakers,sneakers da donna mid 3 fibbie antracite,89.9,44.95,GrigioScuro,Donna
C1EL9002X002,Altro,scarpe aperte in tessuto lurex con gabbia asimmetrica intrecciata antracite,119.9,83.93,GrigioScuro,Donna
C1LB9009X002,Sandali,sandali effetto laminato laccini incrocio antracite,89.9,62.93,GrigioScuro,Donna
C1DM9123X002,Tronchetti,tronchetto donna con elastico e platform antracite,119.0,59.5,GrigioScuro,Donna
C1HH9005X002,Sandali,sandali in raffia intrecciata e strass antracite,119.0,59.5,GrigioScuro,Donna
C1DM9125W004,Sneakers,sneakers mid pizzo degradé con lacci strass perla,89.9,62.93,Grigiochiaro,Donna
C1LM1042L006,Sandali,sandali in pelle incrociati sul davanti pietra,99.9,69.93,Grigiochiaro,Donna
C1DG9003W004,Sneakers,sneakers in tessuto sfrangiato perla,89.9,62.93,Grigiochiaro,Donna
C1HH9006Q007,Sandali,sandalo gilda in raffia e accessorio naturale,119.0,59.5,Grigiochiaro,Donna
C1XA9107M036,Décolleté,décolleté in canvas con allacciatura alla schiava terra,105.0,,Marrone,Donna
C1XA9106M036,Décolleté,décolleté spuntata in canvas terra,105.0,,Marrone,Donna
C1XM1023M012,Tronchetti,tronchetto da donna 3 fibbie in pelle t.moro,179.0,71.6,Marrone,Donna
C1NC9121M084,Tronchetti,tronchetto da donna con accessorio personalizzato visone,99.9,49.95,Marrone,Donna
C1NC9021M084,Tronchetti,tronchetto da donna in microfibra con accessorio personalizzato visone,99.9,49.95,Marrone,Donna
C1NA5047M084,Décolleté,décolleté in camoscio visone,129.9,64.95,Marrone,Donna
C1LD3001M104,Mocassini,mocassino da donna in naplak con morsetto t.moro/nero,139.9,69.95,Marrone,Donna
C1HA6014M012,Tronchetti,tronchetto da donna in pelle scamosciata e plateau t.moro,149.9,74.95,Marrone,Donna
C1FG9018M012,Tronchetti,tronchetto da donna con sperone e fibbie t.moro,89.9,44.95,Marrone,Donna
C1FE6001M012,Tronchetti,tronchetto da donna in pelle scamosciata con elastici t.moro,119.9,59.95,Marrone,Donna
C1FE6000M012,Stivali,stivale in pelle scamosciata con elastici t.moro,149.9,74.95,Marrone,Donna
C1FE1002M017,Tronchetti,tronchetto da donna in pelle con doppia cerniera tabacco,119.9,59.95,Marrone,Donna
C1FE1000M017,Stivali,stivale in pelle con elastici tabacco,149.9,74.95,Marrone,Donna
C1FC6005M073,Mocassini,mocassino da donna con frangia e accessorio in pelle scamosciata noce,139.9,69.95,Marrone,Donna
C1FC6004M073,Tronchetti,tronchetto da donna allacciato con accessorio in pelle scamosciata noce,149.9,74.95,Marrone,Donna
C1FC2005M012,Mocassini,mocassino da donna con frange in pelle t.moro,149.9,74.95,Marrone,Donna
C1EB6061M012,Mocassini,mocassino da donna in pelle scamosciata con morsetto t.moro,129.9,64.95,Marrone,Donna
C1HC1004M012,Stivali,stivale in pelle con borchie laterali t.moro,179.0,71.6,Marrone,Donna
C1HA6015M085,Tronchetti,tronchetto da donna in pelle scamosciata tronchetto doppia zip e plateau fango,149.9,74.95,Marrone,Donna
C1FC1106M012,Stivali,stivale in pelle con cerniera t.moro,179.0,89.5,Marrone,Donna
C1HA6002M085,Stivali,stivale donna in pelle scamosciata fango,149.0,74.5,Marrone,Donna
C1NA5140M017,Tronchetti,tronchetto donna in pelle scamosciata con elastico tabacco,159.0,79.5,Marrone,Donna
C1ND9035M011,Sandali,sandali effetto laminato con listini incrociati peltro,99.9,69.93,Marrone,Donna
C1FC1316,Stivali,stivali in pelle con logo in rilievo e suola carro armato,179.0,71.6,Marrone,Donna
C1HA6002M012,Stivali,stivale donna in pelle scamosciata t.moro,149.0,74.5,Marrone,Donna
C1EN4002M073,Tronchetti,tronchetto donna in nappa con treccia a decoro noce,139.9,97.93,Marrone,Donna
C1XA9010M017,Sandali,sandali in tessuto con allacciatura schiava su zeppa corda tabacco,105.0,42.0,Marrone,Donna
C1HA1002M017,Stivali,stivale donna in pelle tabacco,159.0,79.5,Marrone,Donna
C1HC1706,Stivali,stivali alti in pelle vintage con borchie e zeppa interna,179.0,71.6,Marrone,Donna
C1FM2014M017,Stringate,derby donna in pelle tabacco,135.0,67.5,Marrone,Donna
C1MB9073M011,Sandali,sandali schiava effetto laminato peltro,99.9,69.93,Marrone,Donna
C1XO6001M092,Zoccoli,zoccoli in pelle scamosciata con morsetto brandy,125.0,50.0,Marrone,Donna
C1GD9120M021,Infradito,infradito modello ciabatta in sughero e strass degradè multi marrone,69.0,34.5,Marrone,Donna
C1HB6103M084,Stivali,stivale in pelle scamosciata visone,169.0,84.5,Marrone,Donna
C1XW6007M025,Tronchetti,tronchetto da donna alla caviglia con pelliccia sintetica cioccolato,99.0,39.6,Marrone,Donna
C1XR6011,Stivali,stivali alti in pelle scamosciata,169.0,67.6,Marrone,Donna
C1GD9110M021,Sandali,sandali bassi modello ciabatta in sughero e strass degradè multi marrone,69.0,34.5,Marrone,Donna
C1ED1003M012,Stringate,derby donna allacciata in pelle con borchie t.moro,139.0,69.5,Marrone,Donna
C1FM2015M073,Tronchetti,tronchetto in pelle allacciato noce,149.0,74.5,Marrone,Donna
C1XV6006M019,Tronchetti,tronchetto donna in pelle scamosciata con plateau tortora,195.0,78.0,Marrone,Donna
C1XV1027,Stivali,stivali in pelle con catena decorativa,199.0,79.6,Marrone,Donna
C1XV1030,Stivali,stivali mezza gamba in pelle con allacciatura,159.0,63.6,Marrone,Donna
C1HB6102M084,Tronchetti,tronchetto in pelle scamosciata con cerniera visone,149.0,59.6,Marrone,Donna
C1GE9010M011,Sandali,sandali con doppio incrocio effetto laminato con accessorio peltro,79.9,55.93,Marrone,Donna
C1XV1032,Stivali,stivali in pelle con gambale ampio,189.0,75.6,Marrone,Donna
C1HB1001M012,Tronchetti,tronchetto da donna liscio in pelle t.moro,149.9,74.95,Marrone,Donna
C1NB5101M017,Décolleté,décolleté in pelle scamosciata con accessorio tabacco,139.0,69.5,Marrone,Donna
C1HA6240,Tronchetti,tronchetti in pelle scamosciata con borchie e tacco alto,139.0,55.6,Marrone,Donna
C1HA1240,Tronchetti,tronchetti con tacco e plateau in pelle con elastico e borchie,149.0,59.6,Marrone,Donna
C1HA1220,Tronchetti,tronchetti in pelle con cavigliera decorata,159.0,63.6,Marrone,Donna
C1EF5017M017,Tronchetti,tronchetti in suede con tacco basso tabacco,149.0,74.5,Marrone,Donna
C1LF1002M012,Tronchetti,tronchetto donna in pelle con elastico t.moro,159.0,79.5,Marrone,Donna
C1DB6033M037,Sneakers,sneakers in pelle scamosciata e cavallino deserto,119.9,83.93,Marrone,Donna
C1HD1040M018,Tronchetti,tronchetto donna in pelle marrone,159.0,63.6,Marrone,Donna
C1HD1040M012,Tronchetti,tronchetto donna in pelle t.moro,159.0,79.5,Marrone,Donna
C1XW6004M025,Tronchetti,tronchetto donna con pelliccia sintetica cioccolato,115.0,46.0,Marrone,Donna
C1NC9107M085,Tronchetti,tronchetto donna in similpelle con cerniera fango,99.0,49.5,Marrone,Donna
C1XV1093M012,Stivaletti,stivaletto donna in pelle scamosciata con elastico t.moro,179.0,71.6,Marrone,Donna
C1XA9910M019,Sandali,sandali in tessuto e zeppa in corda tortora,109.0,43.6,Marrone,Donna
C1DZ9130M011,Tronchetti,tronchetto in nylon con suola rialzata peltro,129.0,51.6,Marrone,Donna
C1EF4002,Tronchetti,tronchetti spuntati in pelle,129.0,64.5,Marrone,Donna
C1DZ9003M083,Tronchetti,tronchetto allacciato in shearling sintetico multi camel,139.0,69.5,Marrone,Donna
C1XR1039M018,Stivali,stivale in pelle con cerniera e elastici marrone,215.0,86.0,Marrone,Donna
C1DZ6110M011,Tronchetti,tronchetto in pelle scamosciata glitterata peltro,129.0,64.5,Marrone,Donna
C1XR1033M018,Stivali,stivale donna in pelle con cerniera marrone,215.0,86.0,Marrone,Donna
C1ED1005M012,Tronchetti,tronchetto in pelle con cerniera t.moro,139.0,69.5,Marrone,Donna
C1XV1072M085,Mocassini,mocassino donna  in pelle con morsetto fango,149.0,59.6,Marrone,Donna
C1LB3011M019,Tronchetti,tronchetto donna in vernice con morsetto tortora,169.0,84.5,Marrone,Donna
C1LF1005M094,Mocassini,mocassino donna in pelle corteccia,149.0,74.5,Marrone,Donna
C1LD1040M092,Mocassini,mocassino donna in pelle con plateau brandy,149.0,74.5,Marrone,Donna
C1LB3014M019,Mocassini,mocassino donna in vernice tortora,139.0,69.5,Marrone,Donna
C1FM6011M004,Mocassini,mocassino in pelle scamosciata con morsetto caffè,135.0,67.5,Marrone,Donna
C1XR6035M017,Tronchetti,tronchetto donna in pelle scamosciata con elastici tabacco,179.0,71.6,Marrone,Donna
C1XV1038M085,Décolleté,décolleté donna in pelle fango,155.0,62.0,Marrone,Donna
C1DV1002M095,Mocassini,mocassino donna in pelle e cavallino cognac/leopardo,119.0,59.5,Marrone,Donna
C1XV1067M085,Tronchetti,tronchetto donna in pelle con cerniera fango,195.0,78.0,Marrone,Donna
C1XV1095M012,Tronchetti,tronchetto donna in pelle scamosciata con elastico t.moro,165.0,66.0,Marrone,Donna
C1XV6003M019,Tronchetti,tronchetto donna in pelle scamosciata tortora,195.0,78.0,Marrone,Donna
C1XV6004M019,Tronchetti,tronchetto donna in pelle scamosciata con elastici tortora,195.0,78.0,Marrone,Donna
C1XV6005M064,Décolleté,décolleté in pelle scamosciata e cinturino alla caviglia caramello,149.0,59.6,Marrone,Donna
C1FC1104M012,Stivaletti,stivaletto in pelle con cavigliera romovibile t.moro,169.0,84.5,Marrone,Donna
C1LC4003M073,Ciabatte,ciabatte in pelle noce,129.0,64.5,Marrone,Donna
C1XD0113M093,Altro,scarpa running donna beige/rosa,169.0,67.6,Marrone,Donna
C1LB4205M073,Sandali,sandali in pelle con catena noce,149.0,74.5,Marrone,Donna
C1FD6002M017,Sandali,sandali in pelle scamosciata con fascia decorara e fiore in 3d. tabacco,109.0,54.5,Marrone,Donna
C1XO5558M098,Sandali,sandali doppia fascia naturale/cuoio,139.0,,Marrone|Oro,Donna
C1LB4012M090,Mocassini,mocassino donna in nappa con morsetto mogano,139.0,69.5,Mogano,Donna
C1HF9000R013,Sandali,sandali zeppa in tessuto multi arancio,89.9,,Multicolor,Donna
C1DS6002L008,Mocassini,mocassino in pelle scamosciata accessorio smaltato multi beige,119.9,,Multicolor,Donna
C1DH9004L009,Running,running in tessuto e pelle scamosciata multi grigio,99.9,,Multicolor,Donna
C1DH9004L008,Running,running in tessuto e pelle scamosciata multi beige,99.9,,Multicolor,Donna
C1DL6100S021,Running,running da donna in pelle scamosciata e tessuto multi maculato,99.9,49.95,Multicolor,Donna
C1DL6000M053,Running,running da donna in pelle scamosciata multi cuoio,99.9,49.95,Multicolor,Donna
C1DB6001X001,Sneakers,sneakers da donna in pelle scamosciata e tessuto multi taupe,89.9,44.95,Multicolor,Donna
C1DB6001S003,Sneakers,sneakers da donna in pelle scamosciata e tessuto multicolor,89.9,44.95,Multicolor,Donna
C1DB6001M002,Sneakers,sneakers da donna in pelle scamosciata e tessuto multi cipria,89.9,44.95,Multicolor,Donna
C1DB6031X022,Sneakers,sneakers da donna in pelle scamosciata e tessuto multi glicine,89.9,44.95,Multicolor,Donna
C1GG9035S003,Sandali,sandali frate con tomaia multi listini multicolor,109.9,76.93,Multicolor,Donna
C1XB2006S006,Sandali,sandali schiava in cavallino maculato maculato,115.0,46.0,Multicolor,Donna
C1GG9034S003,Sandali,sandali alla schiava con tomaia multi listini multicolor,99.9,69.93,Multicolor,Donna
C1FC9001Z005,Zoccoli,zoccoli con tacco in legno e fascia decorativa in rafia intrecciata bicolore multi giallo,109.0,54.5,Multicolor,Donna
C1FC9002R013,Zoccoli,zoccoli con tacco in legno e fascia decorativa in rafia intrecciata bicolore multi arancio,99.0,49.5,Multicolor,Donna
C1GG9033S003,Infradito,infradito con tomaia multi listini multicolor,99.9,69.93,Multicolor,Donna
C1DM9131S003,Sneakers,sneakers mid patchwork multicolor,89.9,62.93,Multicolor,Donna
C1DN6026S003,Sneakers,sneakers in pelle scamosciata e tessuto multicolor,139.9,97.93,Multicolor,Donna
C1EF6017S006,Tronchetti,tronchetti in suede animalier con tacchetto medio maculato,159.0,79.5,Multicolor,Donna
C1ED9006L025,Ballerine,ballerine aperte dietro in stampa laminata effetto viperina con fibbia in strass multi platino,129.9,90.93,Multicolor,Donna
C1ED9006G009,Ballerine,ballerine aperte dietro in stampa laminata effetto viperina con fibbia in strass multi verde,129.9,90.93,Multicolor,Donna
C1DB6031R051,Sneakers,sneakers in pelle scamosciata e tessuto multi pois,99.9,69.93,Multicolor,Donna
C1GC5003G009,Sandali,sandali in camoscio e stampa maculata con accessorio strass multi verde,99.9,69.93,Multicolor,Donna
C1DN1002S021,Sneakers,sneakers in pelle patchwork multi maculato,149.0,74.5,Multicolor,Donna
C1GC5001G009,Sandali,sandali infradito in camoscio e stampa maculata con accessorio strass multi verde,99.9,69.93,Multicolor,Donna
C1EF2011L025,Décolleté,dècollète in pelle laminata con fasce laterali multi platino,149.0,74.5,Multicolor,Donna
C1EF2011G009,Décolleté,dècollète in pelle laminata con fasce laterali multi verde,149.0,74.5,Multicolor,Donna
C1HN3003X023,Ciabatte,ciabatte in pelle con catena multi antracite,129.0,64.5,Multicolor,Donna
C1DN9630S003,Sneakers,sneakers in tessuto glitter con lacci multicolor,159.0,79.5,Multicolor,Donna
C1HN3003L003,Ciabatte,ciabatte in pelle con catena multi argento,129.0,64.5,Multicolor,Donna
C1DN9630L025,Sneakers,sneakers in tessuto glitter con lacci multi platino,159.0,79.5,Multicolor,Donna
C1DN9620W056,Sneakers,sneakers in tessuto con zip multi panna,159.0,79.5,Multicolor,Donna
C1HN3005L025,Sandali,sandali frate in pelle con catena multi platino,129.0,64.5,Multicolor,Donna
C1DN9620G009,Sneakers,sneakers in tessuto con zip multi verde,159.0,79.5,Multicolor,Donna
C1LC5007X024,Sandali,sandali gilda con accessorio multi celeste,149.0,74.5,Multicolor,Donna
C1LC5006G009,Sandali,sandali t con accessorio multi verde,149.0,74.5,Multicolor,Donna
C1LC5005L008,Ciabatte,ciabatte in pelle e pelle scamosciata con accessorio multi beige,149.0,74.5,Multicolor,Donna
C1GM9003X023,Sandali,sandali fasce gilda in laminato sintetico multi antracite,89.0,44.5,Multicolor,Donna
C1GM9003S003,Sandali,sandali fasce gilda in laminato sintetico multicolor,89.0,44.5,Multicolor,Donna
C1GM9002X023,Sandali,sandali fasce incrocio in sintetico laminato multi antracite,89.0,44.5,Multicolor,Donna
C1GM9002L003,Sandali,sandali fasce incrocio in sintetico laminato multi argento,89.0,44.5,Multicolor,Donna
C1GM9001L003,Sandali,sandali fasce in laminato sintetico con toppone chiuso multi argento,89.0,44.5,Multicolor,Donna
C1GM9001G009,Sandali,sandali fasce in laminato sintetico con toppone chiuso multi verde,89.0,44.5,Multicolor,Donna
C1GF1004W056,Sandali,sandali doppio incrocio in pelle bicolor multi panna,99.0,49.5,Multicolor,Donna
C1GF1003W056,Sandali,sandali fascia in pelle multicolor multi panna,99.0,49.5,Multicolor,Donna
C1GF1003G006,Sandali,sandali fascia in pelle multicolor multi cedro,99.0,49.5,Multicolor,Donna
C1GF1002R013,Sandali,sandali in pelle multicolor multi arancio,99.0,49.5,Multicolor,Donna
C1GF1002M053,Sandali,sandali in pelle multicolor multi cuoio,99.0,49.5,Multicolor,Donna
C1GF1001M053,Sandali,sandali infradito bicolore multi cuoio,99.0,49.5,Multicolor,Donna
C1GF1001M047,Sandali,sandali infradito bicolore multi tortora,99.0,49.5,Multicolor,Donna
C1EL5020L025,Sandali,sandali gabbia modello gilda realizzati in camoscio multi platino,149.0,74.5,Multicolor,Donna
C1XA9107M107,Décolleté,décolleté in canvas con allacciatura alla schiava leopard,105.0,,Multicolor|Nero,Donna
C1XA9106M107,Décolleté,décolleté spuntata in canvas leopard,105.0,,Multicolor|Nero,Donna
C1XA9106N078,Décolleté,décolleté spuntata in canvas nero,105.0,,Nero,Donna
C1XA9105N078,Décolleté,décolleté in microfibra nero,105.0,,Nero,Donna
C1XA9104N078,Sandali,sandali con mignons strass su zeppa corda nero,119.0,,Nero,Donna
C1XA9103N078,Sandali,sandali in canvas con applicazioni sulla tomaia nero,119.0,,Nero,Donna
C1XA9100N078,Décolleté,décolleté in microfibra con borche nero,119.0,,Nero,Donna
C1XA5563N078,Sandali,sandali asimmetrico con mignons nero,105.0,,Nero,Donna
C1NA4021N001,Décolleté,décollété in pelle nero,129.9,,Nero,Donna
C1HF9000N073,Sandali,sandali zeppa in tessuto nero beige,89.9,,Nero,Donna
C1ED9014N001,Slingback,slingback in paglia intrecciata nero,109.9,,Nero,Donna
C1ED1012N001,Slingback,slingback in pelle con cinturini nero,109.9,,Nero,Donna
C1DS1013N001,Sneakers,sneaker in pelle con accessorio smaltato nero,129.9,,Nero,Donna
C1DN9200N001,Slip-on,slip-on in tessuto e pelle rivestita nero,129.9,,Nero,Donna
C1DN9100N001,Slip-on,slip-on da donna con calzino nero,99.9,,Nero,Donna
C1DN1400N001,Slip-on,slip-on da donna con borchie e strass nero,129.9,,Nero,Donna
C1XW6010N001,Tronchetti,tronchetto da donna con pelliccia sintetica e allacciatura nero,125.0,50.0,Nero,Donna
C1XW6007N001,Tronchetti,tronchetto da donna alla caviglia con pelliccia sintetica nero,99.0,39.6,Nero,Donna
C1XW6000N001,Tronchetti,tronchetto da donna con pelliccia sintetica nero,115.0,46.0,Nero,Donna
C1XV9053N001,Stivali,stivale stretch nero,149.0,59.6,Nero,Donna
C1XV9052N001,Tronchetti,tronchetto da donna con elastico effetto vernice nero,149.0,59.6,Nero,Donna
C1XV5020N001,Tronchetti,tronchetto da donna in camoscio nero,189.0,75.6,Nero,Donna
C1XV5018N001,Mocassini,mocassino in camoscio con accessorio e tacco 60 mm nero,149.0,59.6,Nero,Donna
C1XV5017N001,Mocassini,mocassino da donna in camoscio con morsetto nero,149.0,59.6,Nero,Donna
C1XV5013N001,Tronchetti,tronchetto in camoscio tacco 70 mm nero,189.0,75.6,Nero,Donna
C1XV5010N001,Décolleté,décolleté in camoscio tacco 100 mm nero,149.0,59.6,Nero,Donna
C1XV1238N001,Tronchetti,tronchetto da donna in pelle con cerniera nero,169.0,67.6,Nero,Donna
C1XV1237N001,Tronchetti,tronchetto da donna in pelle con accessorio e cerniera nero,179.0,71.6,Nero,Donna
C1XV1234N001,Tronchetti,tronchetto da donna in pelle allacciato nero,169.0,67.6,Nero,Donna
C1XV1233N001,Tronchetti,tronchetto da donna in pelle con elastico e forature all'inglese in punta nero,169.0,67.6,Nero,Donna
C1XV1230N076,Mocassini,mocassino da donna in pelle con suola nera e guardolo colorato nero/verde,149.0,59.6,Nero,Donna
C1XV1226N001,Tronchetti,tronchetto da donna in pelle con lacci dietro nero,169.0,67.6,Nero,Donna
C1XV1225N001,Tronchetti,tronchetto da donna in pelle con elastico e nappine nero,179.0,71.6,Nero,Donna
C1XV1224N001,Mocassini,mocassino da donna in pelle con morsetto e nappine nero,159.0,63.6,Nero,Donna
C1XV1223N001,Mocassini,mocassino da donna in pelle con frangia nero,149.0,59.6,Nero,Donna
C1XV1221N001,Tronchetti,tronchetto da donna in pelle con elastico nascosto nero,169.0,67.6,Nero,Donna
C1XV1220N001,Tronchetti,tronchetto da donna in pelle con elastico nero,169.0,67.6,Nero,Donna
C1XV1219N001,Tronchetti,tronchetto in pelle allacciato nero,169.0,67.6,Nero,Donna
C1XV1124N001,Tronchetti,tronchetto da donna in pelle nero,189.0,75.6,Nero,Donna
C1XV1123N001,Décolleté,décolleté in pelle con morsetto tacco 60 mm nero,149.0,59.6,Nero,Donna
C1XV1122N001,Tronchetti,tronchetto da donna in pelle con elastico e accessorio nero,189.0,75.6,Nero,Donna
C1XV1118N001,Tronchetti,tronchetto da donna in pelle con accessorio e tacco 70 mm nero,199.0,79.6,Nero,Donna
C1XV1116N001,Décolleté,décolleté in pelle tacco 100 mm nero,149.0,59.6,Nero,Donna
C1XV1115N001,Décolleté,décolleté  in pelle con accessorio tacco 70 mm nero,149.0,59.6,Nero,Donna
C1XT9011N001,Running,running alta da donna  in tessuto elasticizzato nero,125.0,50.0,Nero,Donna
C1XR1044N001,Mocassini,mocassino da donna in pelle spazzolata con frange nero,159.0,63.6,Nero,Donna
C1XR1043N001,Stringate,derby da uomo in pelle con forature inglesi nero,149.0,59.6,Nero,Donna
C1XM1029N001,Stringate,francesina da donna in pelle con strass nero,115.0,46.0,Nero,Donna
C1XM1027N001,Tronchetti,tronchetto da donna in pelle con zip e strass nero,139.0,55.6,Nero,Donna
C1XM1026N001,Tronchetti,tronchetto da donna in pelle con elastico e fibbia nero,159.0,63.6,Nero,Donna
C1XM1025N001,Tronchetti,tronchetto da donna in pelle con fibbia nero,169.0,67.6,Nero,Donna
C1XM1023N001,Tronchetti,tronchetto da donna 3 fibbie in pelle nero,179.0,71.6,Nero,Donna
C1XL1238N001,Mocassini,mocassino da donna in pelle nero,139.0,55.6,Nero,Donna
C1XL1237N001,Mocassini,mocassino da donna in pelle con morsetto nero,139.0,55.6,Nero,Donna
C1XL1236N001,Tronchetti,tronchetto da donna allacciato in pelle nero,159.0,63.6,Nero,Donna
C1XL1235N001,Tronchetti,tronchetto da donna in pelle con elastici nero,159.0,63.6,Nero,Donna
C1XL1234N001,Tronchetti,tronchetto da donna in pelle con cerniera sul retro nero,159.0,63.6,Nero,Donna
C1XG1010N001,Ballerine,ballerina in pelle con fiocco nero,139.0,55.6,Nero,Donna
C1NC9122N001,Tronchetti,tronchetto da donna con elastico nero,89.9,44.95,Nero,Donna
C1NC9121N001,Tronchetti,tronchetto da donna con accessorio personalizzato nero,99.9,49.95,Nero,Donna
C1NC9022N001,Tronchetti,tronchetto da donna in microfibra con elastico nero,89.9,44.95,Nero,Donna
C1NA5044N001,Décolleté,"décolleté in camoscio con taglio a ""v"" nero",129.9,64.95,Nero,Donna
C1NA4042N001,Tronchetti,tronchetto da donna in pelle due elastici nero,149.9,74.95,Nero,Donna
C1NA4041N001,Décolleté,décolleté spezzata in pelle con fibbia nero,129.9,64.95,Nero,Donna
C1NA3048N001,Décolleté,décolleté in vernice con doppia fibbia nero,129.9,64.95,Nero,Donna
C1NA3047N001,Décolleté,décolleté in vernice nero,129.9,64.95,Nero,Donna
C1LF5505N001,Tronchetti,tronchetto in camoscio con cinturino nero,149.9,74.95,Nero,Donna
C1LF5504N001,Tronchetti,tronchetto in camoscio nero,139.9,69.95,Nero,Donna
C1LF3505N001,Tronchetti,tronchetto in pelle verniciata con cinturino nero,149.9,74.95,Nero,Donna
C1LD4505N001,Tronchetti,tronchetto da donna in nappa con elastici nero,149.9,74.95,Nero,Donna
C1LD4001N001,Mocassini,mocassino da donna in nappa con morsetto nero,139.9,69.95,Nero,Donna
C1LD3001R057,Mocassini,mocassino da donna in naplak con morsetto bordeaux/nero,139.9,69.95,Nero,Donna
C1LB5501N001,Stivali,stivale in camoscio nero,169.9,84.95,Nero,Donna
C1LB4403N001,Tronchetti,tronchetto da donna in pelle con maxi risvolto in bimateriale nero,169.9,84.95,Nero,Donna
C1LB4402N001,Tronchetti,tronchetto in pelle bimateriale nero,149.9,74.95,Nero,Donna
C1LB4113N001,Tronchetti,tronchetto da donna in nappa con maxi risvolto nero,169.9,84.95,Nero,Donna
C1LB4111N001,Stivali,stivale in nappa nero,179.9,89.95,Nero,Donna
C1HD6001N001,Stivali,stivale in pelle scamosciata nero,149.9,74.95,Nero,Donna
C1HD1001N001,Stivali,stivale in pelle nero,159.9,79.95,Nero,Donna
C1HB6001N001,Tronchetti,tronchetto da donna liscio in pelle scamosciata nero,139.9,69.95,Nero,Donna
C1HB1003N001,Tronchetti,tronchetto da donna in pelle con elastico e cavigliera removibile nero,139.9,69.95,Nero,Donna
C1HA6015N001,Tronchetti,tronchetto da donna in pelle scamosciata tronchetto doppia zip e plateau nero,149.9,74.95,Nero,Donna
C1GD9018N001,Stivali,stivale in microfibra elasticizzato nero,119.9,59.95,Nero,Donna
C1GD4017N001,Tronchetti,tronchetto da donna in nappa con fibbia nero,139.9,69.95,Nero,Donna
C1GD3017N001,Tronchetti,tronchetto da donna in naplak e camoscio con fibbia nero,139.9,69.95,Nero,Donna
C1GC9102N001,Décolleté,décolleté con vaschetta e accessorio in stampa cocco nero,89.9,44.95,Nero,Donna
C1GC3226N001,Tronchetti,tronchetto da donna in pelle naplak nero,139.9,69.95,Nero,Donna
C1GB9413N001,Tronchetti,tronchetto da donna in stampa cocco con accessorio nero,99.9,49.95,Nero,Donna
C1GB9412N001,Ballerine,ballerina tacco medio con vaschetta e accessorio in stampa cocco nero,89.9,44.95,Nero,Donna
C1GA4332N001,Tronchetti,tronchetto da donna filoforma in pelle nero,109.9,54.95,Nero,Donna
C1FE6002N001,Tronchetti,tronchetto da donna in pelle scamosciata con doppia cerniera nero,119.9,59.95,Nero,Donna
C1FE6000N001,Stivali,stivale in pelle scamosciata con elastici nero,149.9,74.95,Nero,Donna
C1FE1002N001,Tronchetti,tronchetto da donna in pelle con doppia cerniera nero,119.9,59.95,Nero,Donna
C1FB7005N001,Tronchetti,tronchetto da donna in nabuk con cavigliera nero,149.9,74.95,Nero,Donna
C1FB7004N001,Stivali,stivale in nabuk con morsetto nero,169.9,84.95,Nero,Donna
C1FB7003N001,Tronchetti,tronchetto da donna in nabuk con morsetto nero,149.9,74.95,Nero,Donna
C1FB7002N001,Stivali,stivale  in nabuk maxi zip nero,169.9,84.95,Nero,Donna
C1FB7001N001,Tronchetti,tronchetto da donna in nabuk con  maxi zip nero,149.9,74.95,Nero,Donna
C1FA9030N001,Tronchetti,tronchetto da donna in similpelle spazzolato nero,99.9,49.95,Nero,Donna
C1FA9029N001,Tronchetti,tronchetto da donna doppia zip in similpelle spazzolato nero,109.9,54.95,Nero,Donna
C1FA9028N001,Tronchetti,tronchetto da donna con microborchie sulla punta nero,109.9,54.95,Nero,Donna
C1FA9027N001,Beatles,beatles da donna con microborchie sul dietro nero,109.9,54.95,Nero,Donna
C1XD0113N027,Altro,scarpa running donna nero/oro,169.0,67.6,Nero|Oro,Donna
C1XO5560M097,Sandali,sandali con incrocio bicolore biscotto/oro,129.0,,Oro,Donna
C1XO5559M097,Sandali,sandali doppia fascia bicolore biscotto/oro,129.0,,Oro,Donna
C1XK9005Z012,Sandali,sandali con mignon imbottiti su zeppa oro,125.0,50.0,Oro,Donna
C1ND9031M048,Ciabatte,ciabatta bicolor con listini imbottiti cuoio/oro,109.9,76.93,Oro,Donna
C1NC9042G043,Sandali,sandali metallizzati con listini imbottiti smeraldo/oro,109.9,76.93,Oro,Donna
C1GE9010Z012,Sandali,sandali con doppio incrocio effetto laminato con accessorio oro,79.9,55.93,Oro,Donna
C1XJ1956Z012,Sandali,sandali in pelle mignon con accessorio triangolo strass oro,135.0,54.0,Oro,Donna
C1GC5003L014,Sandali,sandali in camoscio e stampa maculata con accessorio strass multi bronzo,99.9,69.93,Oro,Donna
C1GC5001L014,Sandali,sandali infradito in camoscio e stampa maculata con accessorio strass multi bronzo,99.9,69.93,Oro,Donna
C1HN3004L014,Sandali,sandali in pelle con catena multi bronzo,129.0,64.5,Oro,Donna
C1XO5557L002,Sandali,sandali doppia fascia effetto laminato platino,139.0,,Platino,Donna
C1XM9533L002,Sandali,"sandali a ""t"" in pelle con accessorio gioiello platino",155.0,,Platino,Donna
C1XA9104L002,Sandali,sandali con mignons strass su zeppa corda platino,119.0,,Platino,Donna
C1NA2023L002,Décolleté,décollété in pelle laminata con laccio alla caviglia platino,129.9,,Platino,Donna
C1ED4012L002,Slingback,slingback in pelle laminata con borchie e strass platino,119.9,,Platino,Donna
C1XB2005L002,Sandali,sandali schiava in pelle metallizzata platino,115.0,46.0,Platino,Donna
C1XV9209L002,Sandali,sandali gilda effetto metallizzato platino,115.0,46.0,Platino,Donna
C1XB2013L002,Sandali,sandali schiava in pelle platino,99.0,39.6,Platino,Donna
C1EF9003L002,Décolleté,décolleté aperta dietro modello asimmetrico retina con strass davanti platino,129.9,90.93,Platino,Donna
C1EL9002L002,Altro,scarpe aperte in tessuto lurex con gabbia asimmetrica intrecciata platino,119.9,83.93,Platino,Donna
C1MB9006L002,Sandali,sandali metallizzati platino,99.0,49.5,Platino,Donna
C1XB1016L002,Ciabatte,ciabatta con accessorio gioiello platino,125.0,50.0,Platino,Donna
C1GD9002L002,Sandali,"sandalo a ""t"" con strass platino",89.9,62.93,Platino,Donna
C1MB9001L002,Sandali,sandali doppio incrocio con strass platino,109.0,54.5,Platino,Donna
C1XB1009L002,Sandali,sandali a gabbia in pelle con strass platino,125.0,50.0,Platino,Donna
C1MA9002L002,Sandali,sandali doppio nodo con strass platino,109.0,54.5,Platino,Donna
C1XB1008L002,Sandali,sandali in pelle con toppone mignon strass platino,115.0,46.0,Platino,Donna
C1XB1007L002,Sandali,sandali in pelle con mignon strass platino,135.0,54.0,Platino,Donna
C1XA9009L002,Sandali,sandali toppone chiuso in metallizzato con strass platino,115.0,46.0,Platino,Donna
C1XA9007L002,Sandali,sandali in metallizzato con strass platino,115.0,46.0,Platino,Donna
C1LB9012L002,Sandali,sandali con toppone e lacci strass alla caviglia platino,99.9,69.93,Platino,Donna
C1LB9011L002,Sandali,sandali effetto laminato a gabbia platino,89.9,62.93,Platino,Donna
C1LB9009L002,Sandali,sandali effetto laminato laccini incrocio platino,89.9,62.93,Platino,Donna
C1DZ6005L002,Tronchetti,tronchetto con bordo mocassino allacciato platino,139.0,69.5,Platino,Donna
C1HM9010L002,Sandali,sandali in rafia su zeppa corda platino,89.0,44.5,Platino,Donna
C1LF9006L002,Sandali,sandali frate con strass chiuso dietro platino,99.0,49.5,Platino,Donna
C1LF9005L002,Sandali,sandali gilda con nodo e strass platino,99.0,49.5,Platino,Donna
C1HF9001L002,Sandali,sandali in tessuto chiuse dietro e zeppa in corda platino,89.0,44.5,Platino,Donna
C1GN9020L002,Sandali,sandali chiusi sul retro e lacci con strass platino,89.0,44.5,Platino,Donna
C1DN9500M001,Stringate,francesina lacci in tessuto e pelle con accessori leva e metti cipria,129.9,,Rosa,Donna
C1DN9200M001,Slip-on,slip-on in tessuto e pelle rivestita cipria,129.9,,Rosa,Donna
C1DN1007M001,Running,running da donna allacciata con zip cipria,129.9,,Rosa,Donna
C1NA5044R033,Décolleté,"décolleté in camoscio con taglio a ""v"" rosa antico",129.9,64.95,Rosa,Donna
C1NA3047R033,Décolleté,décolleté in vernice rosa antico,129.9,64.95,Rosa,Donna
C1EC5005R033,Ballerine,ballerina in camoscio con laccino e fibbia personalizzata rosa antico,99.9,49.95,Rosa,Donna
C1EC5002R033,Ballerine,ballerina in camoscio con puntale metallico rosa antico,99.9,49.95,Rosa,Donna
C1LC2023R043,Sandali,sandali asimmetrici in pelle laminata pesca,139.9,97.93,Rosa,Donna
C1XP3016M001,Ciabatte,ciabatta donna in vernice cipria,95.0,38.0,Rosa,Donna
C1NB4057M001,Décolleté,décolleté in nappa con incrocio cipria,129.9,90.93,Rosa,Donna
C1XP9012M001,Ciabatte,ciabatte due fasce in vernice con fibbia cipria,79.0,31.6,Rosa,Donna
C1XP9011V014,Ciabatte,ciabatte in vernice con fibbia lilla,79.0,31.6,Rosa,Donna
C1LC5426R002,Sandali,"sandali modello a ""t"" in camoscio e nappa con accessorio catena rosa",139.9,97.93,Rosa,Donna
C1GE9011R043,Sandali,sandali schiava effetto laminato pesca,79.9,55.93,Rosa,Donna
C1NA4095M001,Décolleté,décolleté aperta dietro in camoscio con micro borchie cipria,149.9,104.93,Rosa,Donna
C1XA9005M001,Sandali,sandali con fasce strass su zeppa corda cipria,115.0,46.0,Rosa,Donna
C1LF5009M001,Tronchetti,tronchetto in camoscio asimmetrico aperto spuntato cipria,159.9,111.93,Rosa,Donna
C1NA4092M001,Décolleté,décolleté aperta dietro in nappa cipria,129.9,90.93,Rosa,Donna
C1GE9010R043,Sandali,sandali con doppio incrocio effetto laminato con accessorio pesca,79.9,55.93,Rosa,Donna
C1EL5003M001,Altro,scarpe aperte sul retro in pelle scamosciata con morsetto cipria,129.9,90.93,Rosa,Donna
C1HB4025M001,Infradito,infradito in nappa con zeppa strass cipria,129.9,90.93,Rosa,Donna
C1MB9004M001,Sandali,sandali incrocio con laccio alla caviglia cipria,109.0,54.5,Rosa,Donna
C1XJ1955L010,Sandali,sandali donna in pelle con accessorio oro rosa,125.0,50.0,Rosa,Donna
C1EL3002M001,Altro,scarpe aperte in vernice con gabbia asimmetrica intrecciata cipria,129.9,90.93,Rosa,Donna
C1DG9003M001,Sneakers,sneakers in tessuto sfrangiato cipria,89.9,62.93,Rosa,Donna
C1EL3001M001,Altro,scarpe aperte dietro in vernice con bordo e cinturino cipria,129.9,90.93,Rosa,Donna
C1XA9012R002,Ciabatte,ciabatta effetto laminato con strass rosa,109.0,43.6,Rosa,Donna
C1XA9913M001,Sandali,sandali in tessuto su fondo corda cipria,109.0,43.6,Rosa,Donna
C1DB6031M001,Sneakers,sneakers in pelle scamosciata e tessuto cipria,99.9,69.93,Rosa,Donna
C1XA9910M001,Sandali,sandali in tessuto e zeppa in corda cipria,109.0,43.6,Rosa,Donna
C1DN9670M001,Sneakers,sneakers slip on in tessuto lurex e pelle cipria,149.0,74.5,Rosa,Donna
C1HM9050R043,Sandali,sandali gilda in rafia e tessuto con zeppa corda pesca,89.0,44.5,Rosa,Donna
C1DN9250,Slip,SLIP ON IN TESSUTO TECNICO LUREX,139.0,69.5,Rosa,Donna
C1MD9003V014,Sandali,sandali  con strass lilla,119.0,59.5,Rosa,Donna
C1LF9005M001,Sandali,sandali gilda con nodo e strass cipria,99.0,49.5,Rosa,Donna
C1GG2004L010,Sandali,sandali in pelle metallizzata chiusi dietro con laccio alla caviglia oro rosa,109.0,54.5,Rosa,Donna
C1EL5050R002,Altro,scarpe in suede realizzate in camoscio aperte sul retro con morsetto trasparente rosa,139.0,69.5,Rosa,Donna
C1EL5010R002,Altro,scarpe in suede realizzate in camoscio con gabbia asimmetrica intrecciata rosa,149.0,74.5,Rosa,Donna
C1EL3040R043,Altro,scarpe aperte dietro in pelle di vernice con tomaia intrecciata pesca,139.0,69.5,Rosa,Donna
C1XA9105R007,Décolleté,décolleté in microfibra rosso,105.0,,Rosso,Donna
C1XA9100R007,Décolleté,décolleté in microfibra con borche rosso,119.0,,Rosso,Donna
C1NA4022R004,Décolleté,décollété in pelle aperte dietro corallo,129.9,,Rosso,Donna
C1XV1230N039,Mocassini,mocassino da donna in pelle con suola nera e guardolo colorato nero/rosso,149.0,59.6,Rosso,Donna
C1XG1011R014,Ballerine,ballerina in pelle con 3 fibbie bordeaux,139.0,55.6,Rosso,Donna
C1NA4041R014,Décolleté,décolleté spezzata in pelle con fibbia bordeaux,129.9,64.95,Rosso,Donna
C1GD4017R014,Tronchetti,tronchetto da donna in nappa con fibbia bordeaux,139.9,69.95,Rosso,Donna
C1GC3225R014,Tronchetti,tronchetto da donna con fibbia in pelle naplak bordeaux,139.9,69.95,Rosso,Donna
C1FA9030R014,Tronchetti,tronchetto da donna in similpelle spazzolato bordeaux,99.9,49.95,Rosso,Donna
C1FA9024R014,Mocassini,mocassino da donna in similpelle spazzolato bordeaux,89.9,44.95,Rosso,Donna
C1EC5004R014,Ballerine,ballerina in camoscio con morsetto bordeaux,99.9,49.95,Rosso,Donna
C1EB6061R014,Mocassini,mocassino da donna in pelle scamosciata con morsetto bordeaux,129.9,64.95,Rosso,Donna
C1DE1032R054,Sneakers,sneakers da donna in pelle con accessori gioiello removibili bianco/bordeaux,129.9,64.95,Rosso,Donna
C1LF3504R014,Tronchetti,tronchetto in pelle verniciata bordeaux,139.9,,Rosso,Donna
C1LF3502R014,Mocassini,mocassino in pelle verniciata bordeaux,139.9,69.95,Rosso,Donna
C1NA4030R019,Décolleté,dècollète' in pelle con cinturino alla caviglia azalea,129.0,64.5,Rosso,Donna
C1NB4010R019,Décolleté,dècollète in pelle azalea,129.0,64.5,Rosso,Donna
C1HM9020R007,Ciabatte,ciabatte in tessuto su zeppa corda rosso,79.0,39.5,Rosso,Donna
C1XV1231N039,Tronchetti,tronchetto da donna con elastico in pelle con suola nera e guardolo colorato nero/rosso,179.0,71.6,Rosso,Donna
C1EL5010R007,Altro,scarpe in suede realizzate in camoscio con gabbia asimmetrica intrecciata rosso,149.0,74.5,Rosso,Donna
C1XV5020M005,Tronchetti,tronchetto da donna in camoscio taupe,189.0,75.6,Taupe,Donna
C1XV5019M005,Tronchetti,tronchetto in camoscio con elastico e accessorio taupe,189.0,75.6,Taupe,Donna
C1XV5018M005,Mocassini,mocassino in camoscio con accessorio e tacco 60 mm taupe,149.0,59.6,Taupe,Donna
C1XV1238M005,Tronchetti,tronchetto da donna in pelle con cerniera taupe,169.0,67.6,Taupe,Donna
C1XV1229M005,Tronchetti,tronchetto da donna in pelle taupe,179.0,71.6,Taupe,Donna
C1XV1221M005,Tronchetti,tronchetto da donna in pelle con elastico nascosto taupe,169.0,67.6,Taupe,Donna
C1NC9122M005,Tronchetti,tronchetto da donna con elastico taupe,89.9,44.95,Taupe,Donna
C1NA4042M005,Tronchetti,tronchetto da donna in pelle due elastici taupe,149.9,74.95,Taupe,Donna
C1LD4504M005,Décolleté,décolleté in nappa con fibbia taupe,129.9,64.95,Taupe,Donna
C1LD4002M005,Tronchetti,tronchetto da donna in nappa con morsetto taupe,149.9,74.95,Taupe,Donna
C1HB6002M005,Tronchetti,tronchetto da donna in pelle scamosciata con elastico taupe,129.9,64.95,Taupe,Donna
C1GC3226M005,Tronchetti,tronchetto da donna in pelle naplak taupe,139.9,69.95,Taupe,Donna
C1GC3223M005,Décolleté,décolleté con laccio fibbia in pelle naplak taupe,129.9,64.95,Taupe,Donna
C1GB3312M005,Ballerine,ballerina con vaschetta e accessorio in naplak taupe,129.9,64.95,Taupe,Donna
C1GA6332M005,Tronchetti,tronchetto da donna filoforma in pelle scamosciata taupe,109.9,54.95,Taupe,Donna
C1GA4333M005,Tronchetti,tronchetto da donna in pelle con fibbie taupe,139.9,69.95,Taupe,Donna
C1FE6002M005,Tronchetti,tronchetto da donna in pelle scamosciata con doppia cerniera taupe,119.9,59.95,Taupe,Donna
C1EB6062M005,Mocassini,mocassino da donna in pelle scamosciata con mignon taupe,119.9,59.95,Taupe,Donna
C1EB6061M005,Mocassini,mocassino da donna in pelle scamosciata con morsetto taupe,129.9,64.95,Taupe,Donna
C1DZ6012M005,Tronchetti,tronchetto da donna con doppia cerniera in pelle scamosciata taupe,119.9,59.95,Taupe,Donna
C1DZ6003M005,Tronchetti,tronchetto basso da donna in pelle scamosciata taupe,119.9,59.95,Taupe,Donna
C1DZ6001M005,Tronchetti,tronchetto da donna in pelle scamosciata taupe,119.9,59.95,Taupe,Donna
C1DR6039M005,Sabot,sabot in pelle scamosciata taupe,69.9,34.95,Taupe,Donna
C1DR6029M005,Tronchetti,tronchetto alla caviglia in pelle scamosciata taupe,79.9,39.95,Taupe,Donna
C1DR6026M005,Sneakers,sneaker in pelle scamosciata taupe,99.9,49.95,Taupe,Donna
C1DN5085M005,Running,running slip-on con accessorio gioiello in camoscio taupe,149.9,74.95,Taupe,Donna
C1DE5002M005,Mocassini,mocassino da donna in pelle scamosciata con morsetto suola a cassetta taupe,129.9,64.95,Taupe,Donna
C1NC9022M005,Tronchetti,tronchetto da donna in microfibra con elastico taupe,89.9,44.95,Taupe,Donna
C1EN6001M005,Tronchetti,tronchetto donna in pelle scamosciata con elastici taupe,129.9,90.93,Taupe,Donna
C1EN6002M005,Tronchetti,tronchetto donna in pelle scamosciata con treccia a decoro taupe,129.9,90.93,Taupe,Donna
C1EN6003M005,Tronchetti,tronchetto in pelle scamosciata e intreccio con fibbia taupe,139.9,97.93,Taupe,Donna
C1LN9002M005,Sandali,sandali gabbia chiuso sul dietro con strass triangolo taupe,99.9,69.93,Taupe,Donna
C1DR6027M005,Tronchetti,tronchetto in pelle scamosciata con suola alta taupe,79.9,39.95,Taupe,Donna
C1LD1060M005,Stivali,stivale in pelle e stretch taupe,189.0,94.5,Taupe,Donna
C1XW6006M005,Tronchetti,tronchetto donna con bordo mocassino e pelliccia sintetica taupe,125.0,50.0,Taupe,Donna
C1EM6002M005,Mocassini,mocassini donna in pelle scamosciata con morsetto taupe,109.9,76.93,Taupe,Donna
C1EG6211M005,Mocassini,mocassini in pelle scamosciata con vaschetta strass taupe,99.9,69.93,Taupe,Donna
C1NC9002M005,Tronchetti,tronchetto donna in microfibra con tre borchie esagonali taupe,109.0,54.5,Taupe,Donna
C1LF5003M005,Tronchetti,tronchetto donna in pelle scamosciata con fibbia taupe,169.0,84.5,Taupe,Donna
C1EG6111M005,Mocassini,mocassini in pelle scamosciata con morsetto catena taupe,99.9,69.93,Taupe,Donna
C1EG4311M005,Mocassini,mocassini in pelle con morsetto strass taupe,99.9,69.93,Taupe,Donna
C1DR6006M005,Tronchetti,tronchetto in pelle scamosciata con inserto a contrasto taupe,89.0,44.5,Taupe,Donna
C1LE6003M005,Tronchetti,tronchetto donna in pelle scamosciata taupe,159.0,79.5,Taupe,Donna
C1LD1050M005,Tronchetti,tronchetto donna in pelle con fibbia taupe,169.0,84.5,Taupe,Donna
C1LD5040M005,Mocassini,mocassino donna in camoscio taupe,149.0,74.5,Taupe,Donna
C1LD1040M005,Mocassini,mocassino donna in pelle con plateau taupe,149.0,74.5,Taupe,Donna
C1GE5410M005,Sandali,sandali infradito in pelle scamosciata con accessorio gioiello taupe,89.0,44.5,Taupe,Donna
C1FC9001B019,Zoccoli,zoccoli con tacco in legno e fascia decorativa in rafia intrecciata bicolore multi turchese,109.0,54.5,Turchese,Donna
C1NA4094G003,Décolleté,décolleté chiusa sul davanti e apert dietro in nappa acqua marina,129.9,90.93,Turchese,Donna
C1XA9913G003,Sandali,sandali in tessuto su fondo corda acqua marina,109.0,43.6,Turchese,Donna
C1XA9910G003,Sandali,sandali in tessuto e zeppa in corda acqua marina,109.0,43.6,Turchese,Donna
C1HH9001B005,Sandali,sandali gilda tre fasce rafia e strass turchese,119.0,59.5,Turchese,Donna
C1GG2003B005,Sandali,sandali infradito in pelle metallizzata laccio alla caviglia turchese,109.0,54.5,Turchese,Donna
C1NA2023G004,Décolleté,décollété in pelle laminata con laccio alla caviglia menta,129.9,,Verde,Donna
C1DH9004G049,Running,running in tessuto e pelle scamosciata multi salvia,99.9,,Verde,Donna
C1LD3001G047,Mocassini,mocassino da donna in naplak con morsetto verde/nero,139.9,69.95,Verde,Donna
C1GA6332G029,Tronchetti,tronchetto da donna filoforma in pelle scamosciata bosco,109.9,54.95,Verde,Donna
C1GA4331G029,Tronchetti,tronchetto da donna in pelle con elastici bosco,119.9,59.95,Verde,Donna
C1FE6002G029,Tronchetti,tronchetto da donna in pelle scamosciata con doppia cerniera bosco,119.9,59.95,Verde,Donna
C1FC6004G029,Tronchetti,tronchetto da donna allacciato con accessorio in pelle scamosciata bosco,149.9,74.95,Verde,Donna
C1FA9024G001,Mocassini,mocassino da donna in similpelle spazzolato verde,89.9,44.95,Verde,Donna
C1EB6061G001,Mocassini,mocassino da donna in pelle scamosciata con morsetto verde,129.9,64.95,Verde,Donna
C1EA9014G029,Mocassini,mocassino da donna con morsetto bosco,99.9,49.95,Verde,Donna
C1DB6000G001,Sneakers,sneakers da donna in pelle scamosciata e tessuto verde,89.9,44.95,Verde,Donna
C1FA6010G035,Zoccoli,zoccoli con tacco alto e fascia in crosta verde prato,89.0,44.5,Verde,Donna
C1LC2023G001,Sandali,sandali asimmetrici in pelle laminata verde,139.9,97.93,Verde,Donna
C1XV9209G001,Sandali,sandali gilda effetto metallizzato verde,115.0,46.0,Verde,Donna
C1LC5025G001,Sandali,sandali in camoscio e nappa con frangia e catena verde,139.9,97.93,Verde,Donna
C1FA9030G001,Tronchetti,tronchetto da donna in similpelle spazzolato verde,99.9,49.95,Verde,Donna
C1XK9007G001,Sandali,sandali con treccia strass verde,115.0,46.0,Verde,Donna
C1LF5006G001,Sandali,sandali gilda in pelle con accessorio anello verde,139.9,97.93,Verde,Donna
C1HN9003G001,Sandali,sandali con fasce incrocio strass su zeppa in rafia verde,119.9,83.93,Verde,Donna
C1FC1103G001,Stivaletti,stivaletto donna in pelle verde,169.0,84.5,Verde,Donna
C1NA5010G001,Décolleté,dècollète in pelle scamosciata verde,129.0,64.5,Verde,Donna
C1EF5005G001,Décolleté,décolleté due fasce in pelle scamosciata con laccio dietro verde,129.9,90.93,Verde,Donna
C1GE9010G002,Sandali,sandali con doppio incrocio effetto laminato con accessorio smeraldo,79.9,55.93,Verde,Donna
C1FC1101G001,Tronchetti,tronchetto donna allacciato in pelle verde,159.0,63.6,Verde,Donna
C1HA6001G029,Tronchetti,tronchetto donna in crosta con elastico bosco,119.0,59.5,Verde,Donna
C1DM9125G004,Sneakers,sneakers mid pizzo degradé con lacci strass menta,89.9,62.93,Verde,Donna
C1FA9501G001,Tronchetti,tronchetto in similpelle spazzolata verde,99.0,49.5,Verde,Donna
C1GD9002G001,Sandali,"sandalo a ""t"" con strass verde",89.9,62.93,Verde,Donna
C1LF5002G001,Tronchetti,tronchetto donna in pelle scamosciata con fibbia verde,169.0,84.5,Verde,Donna
C1GC5014G001,Sandali,sandali gilda in camoscio con accessorio strass verde,99.9,69.93,Verde,Donna
C1XA9012G001,Ciabatte,ciabatta effetto laminato con strass verde,109.0,43.6,Verde,Donna
C1GC5013G001,Sandali,sandali infradito in camoscio con accessorio strass verde,99.9,69.93,Verde,Donna
C1ED9005G001,Ballerine,ballerine aperte dietro con retina e strass verde,129.9,90.93,Verde,Donna
C1GC5012G001,Sandali,sandali in camoscio con accessorio strass verde,99.9,69.93,Verde,Donna
C1FC1102G001,Tronchetti,tronchetto donna in pelle con elastico verde,159.0,79.5,Verde,Donna
C1FM6012G029,Tronchetti,tronchetto in pelle scamosciata con elastico e morsetto bosco,149.0,74.5,Verde,Donna
C1DB6030G001,Sneakers,sneakers in pelle scamosciata e tessuto con riporti glitter verde,99.9,69.93,Verde,Donna
C1LB9009G001,Sandali,sandali effetto laminato laccini incrocio verde,89.9,62.93,Verde,Donna
C1LB9008G001,Sandali,sandali gilda con retina strass verde,99.9,69.93,Verde,Donna
C1EG6111G001,Mocassini,mocassini in pelle scamosciata con morsetto catena verde,99.9,69.93,Verde,Donna
C1LC4004G001,Sandali,sandali in pelle con incrocio davanti verde,139.0,69.5,Verde,Donna
C1HL9001G001,Infradito,infradito in raffia intrecciata verde,99.0,49.5,Verde,Donna
C1HH9006G001,Sandali,sandalo gilda in raffia e accessorio verde,119.0,59.5,Verde,Donna
C1GE5410G001,Sandali,sandali infradito in pelle scamosciata con accessorio gioiello verde,89.0,44.5,Verde,Donna
C1FD8004G001,Sandali,sandali con fascia in cavallino maculato e tacco a clessidra verde,119.0,59.5,Verde,Donna
C1FD6002G001,Sandali,sandali in pelle scamosciata con fascia decorara e fiore in 3d. verde,109.0,54.5,Verde,Donna
C1EL5050G001,Altro,scarpe in suede realizzate in camoscio aperte sul retro con morsetto trasparente verde,139.0,69.5,Verde,Donna
C1EL5010G001,Altro,scarpe in suede realizzate in camoscio con gabbia asimmetrica intrecciata verde,149.0,74.5,Verde,Donna
C1NA2026V014,Sandali,sandalo in pelle laminata con laccio alla caviglia lilla,129.9,,Viola,Donna
C1NA5130V001,Tronchetti,tronchetto donna in pelle scamosciata con doppio laccio viola,169.0,84.5,Viola,Donna
C1NB5102V001,Décolleté,décolleté in pelle scamosciata con cinturini viola,129.0,64.5,Viola,Donna
C1ND4001V001,Tronchetti,tronchetto donna in nappa viola,159.0,79.5,Viola,Donna
C1DB6030R010,Sneakers,sneakers in pelle scamosciata e tessuto con riporti glitter glicine,99.9,69.93,Viola,Donna
C1NC9007V001,Tronchetti,tronchetto donna in microfibra con cerniera viola,99.0,49.5,Viola,Donna
C1NC9001V001,Tronchetti,tronchetto donna in microfibra con quattro borchie esagonali viola,109.0,43.6,Viola,Donna
C1EG6111R010,Mocassini,mocassini in pelle scamosciata con morsetto catena glicine,99.9,69.93,Viola,Donna
C1GG2001R010,Sandali,sandali in pelle metallizzata con laccio alla caviglia glicine,109.0,54.5,Viola,Donna
C1XZ5051B020,Polacchini,polacchina da uomo allacciata in camoscio navy,189.0,75.6,Azzurro,Uomo
C1XM6005B020,Mocassini,mocassini uomo in pelle scamosciata navy,169.0,67.6,Azzurro,Uomo
C1PV9102B020,Sneakers,sneakers uomo in tessuto navy,129.9,51.96,Azzurro,Uomo
C1TM9004B020,Altro,scarpe barca in tessuto navy,69.9,,Azzurro,Uomo
C1TM9002B020,Altro,scarpe barca in canvas navy,95.0,,Azzurro,Uomo
C1XN1035M006,Mocassini,mocassini uomoallacciato in camoscio suola drive sabbia,165.0,,Beige,Uomo
C1XN5001S060,Sneakers,sneakers da uomo in camoscio e pelle camouflage multibeige,189.0,75.6,Beige,Uomo
C1XN1020M006,Mocassini,mocassini uomo in pelle scamosciata e fiocco sabbia,149.0,59.6,Beige,Uomo
C1XE6003M006,Stringate,derby uomo in pelle scamosciata sabbia,159.0,63.6,Beige,Uomo
C1TR6111M006,Mocassini,mocassini in pelle scamosciata con passante sabbia,89.9,35.96,Beige,Uomo
C1TM9104M006,Slip-on,slip-on in tessuto sabbia,69.9,,Beige,Uomo
C1TM9007M006,Altro,scarpe allacciate in tessuto sabbia,69.9,,Beige,Uomo
C1TM9003M006,Mocassini,mocassini in tessuto sabbia,69.9,,Beige,Uomo
C1TM9002W026,Altro,scarpe barca in canvas crema,69.9,,Beige,Uomo
C1PC1434W005,Sneakers,sneakers da uomo in pelle multi bianco,99.9,39.96,Bianco,Uomo
C1XN1013W037,Sneakers,sneakers uomo in pelle e scamosciato latte,179.0,71.6,Bianco,Uomo
C1XN1012W055,Sneakers,sneakers uomo in pelle bianco/cuoio,179.0,71.6,Bianco,Uomo
C1XN1011W027,Sneakers,sneakers uomo in pelle bianco/grigio,179.0,71.6,Bianco,Uomo
C1XN1011W001,Sneakers,sneakers uomo in pelle bianco,179.0,71.6,Bianco,Uomo
C1XM1009W050,Sneakers,sneakers uomo in pelle bianco/beige,149.0,59.6,Bianco,Uomo
C1PV1102W001,Sneakers,sneakers uomo in pelle e pelle scamosciata bianco,129.9,51.96,Bianco,Uomo
C1PV1002W069,Sneakers,sneakers uomo in pelle bianco/celeste,129.9,51.96,Bianco,Uomo
C1PV1002W052,Sneakers,sneakers uomo in pelle bianco/verde,129.9,51.96,Bianco,Uomo
C1PB1432W005,Altro,scarpe running uomo multicolor multi bianco,139.9,55.96,Bianco,Uomo
C1PB1431W001,Altro,scarpe running uomo bianca bianco,139.9,55.96,Bianco,Uomo
C1XN1018W017,Sneakers,sneakers uomo in pelle bianco/blu,179.0,71.6,Bianco|Blu,Uomo
C1XN1012W018,Sneakers,sneakers uomo in pelle bianco/nero,179.0,71.6,Bianco|Nero,Uomo
C1XN1034B012,Mocassini,mocassini uomo in pelle scamosciata con vaschetta blu,165.0,,Blu,Uomo
C1XN1032B012,Mocassini,mocassini uomo in pelle scamosciata suola barca blu,175.0,,Blu,Uomo
C1XN1031B012,Altro,scarpe uomo con vaschetta in pelle scamosciata blu,185.0,,Blu,Uomo
C1PC6434B057,Sneakers,sneakers da uomo in pelle scamosciata e tessuto multi navy,89.9,35.96,Blu,Uomo
C1XZ6008B012,Mocassini,mocassini uomo in pelle scamosciata con suola a cassetta blu,159.0,63.6,Blu,Uomo
C1XZ6007B012,Mocassini,mocassini uomo in pelle scamosciata con nappine blu,179.0,71.6,Blu,Uomo
C1XN1020B012,Mocassini,mocassini uomo in pelle scamosciata e fiocco blu,149.0,59.6,Blu,Uomo
C1XN1019B012,Mocassini,mocassini uomo in pelle scamosciata blu,149.0,59.6,Blu,Uomo
C1XN1017B012,Sneakers,sneakers uomo in pelle scamosciata blu,179.0,71.6,Blu,Uomo
C1XN1015B012,Altro,scarpa uomo con vaschetta in pelle scamosciata blu,179.0,71.6,Blu,Uomo
C1XE6003B012,Stringate,derby uomo in pelle scamosciata blu,159.0,63.6,Blu,Uomo
C1TR6112B039,Mocassini,mocassini in pelle scamosciata con fiocco denim,89.9,35.96,Blu,Uomo
C1TR6111B012,Mocassini,mocassini in pelle scamosciata con passante blu,89.9,35.96,Blu,Uomo
C1TM9007B012,Altro,scarpe allacciate in tessuto blu,69.9,,Blu,Uomo
C1PV1002B012,Sneakers,sneakers uomo in pelle blu,129.9,51.96,Blu,Uomo
C1PB1432B012,Altro,scarpe running uomo multicolor blu,139.9,55.96,Blu,Uomo
C1PB1432B001,Altro,scarpe running uomo multicolor multi blu,139.9,55.96,Blu,Uomo
C1TM9003B012,Mocassini,mocassini in tessuto blu,69.9,,Blu,Uomo
C1TM9001B012,Altro,scarpe barca in tessuto blu,95.0,,Blu,Uomo
C1TM9104B017,Slip-on,slip-on in tessuto jeans,69.9,,Celeste,Uomo
C1XZ6008M007,Mocassini,mocassini uomo in pelle scamosciata con suola a cassetta cuoio,159.0,63.6,Cuoio,Uomo
C1XZ6007M007,Mocassini,mocassini uomo in pelle scamosciata con nappine cuoio,179.0,71.6,Cuoio,Uomo
C1XP1018M007,Ciabatte,ciabatta uomo in pelle cuoio,95.0,38.0,Cuoio,Uomo
C1XM6006M007,Mocassini,mocassini uomo in pelle scamosciata cuoio,139.0,55.6,Cuoio,Uomo
C1XE1004M007,Stringate,derby uomo in pelle cuoio,215.0,86.0,Cuoio,Uomo
C1XN1017Z010,Sneakers,sneakers uomo in pelle scamosciata senape,179.0,71.6,Giallo,Uomo
C1TR6112Z009,Mocassini,mocassini in pelle scamosciata con fiocco ocra,89.9,35.96,Giallo,Uomo
C1PV9102Z001,Sneakers,sneakers uomo in tessuto giallo,129.9,51.96,Giallo,Uomo
C1PB1432Z001,Altro,scarpe running uomo multicolor giallo,139.9,55.96,Giallo,Uomo
C1XN1019N006,Mocassini,mocassini uomo in pelle scamosciata grigio,149.0,59.6,Grigio,Uomo
C1TM9104N006,Slip-on,slip-on in tessuto grigio,69.9,,Grigio,Uomo
C1TM9007N006,Altro,scarpe allacciate in tessuto grigio,69.9,,Grigio,Uomo
C1TM9001N006,Altro,scarpe barca in tessuto grigio,69.9,,Grigio,Uomo
C1TR6111X002,Mocassini,mocassini in pelle scamosciata con passante antracite,89.9,35.96,GrigioScuro,Uomo
C1TR6111L029,Mocassini,mocassini in pelle scamosciata con passante grigio chiaro,89.9,35.96,Grigiochiaro,Uomo
C1XN1034M030,Mocassini,mocassini uomo in pelle scamosciata con vaschetta bruciato,165.0,,Marrone,Uomo
C1XN1031M017,Altro,scarpe uomo con vaschetta in pelle scamosciata tabacco,185.0,,Marrone,Uomo
C1XZ1050M012,Stringate,francesina da uomo in pelle con traforatura all'inglese t.moro,179.0,71.6,Marrone,Uomo
C1XR1040M012,Stringate,francesina da uomo in pelle t.moro,159.0,63.6,Marrone,Uomo
C1XN1000M031,Sneakers,sneakers da uomo allacciate in pelle e camoscio multi cioccolato,189.0,75.6,Marrone,Uomo
C1XM6007M012,Polacchini,polacchino da uomo in pelle scamosciata t.moro,159.0,63.6,Marrone,Uomo
C1XZ1006M018,Mocassini,mocassini uomo in pelle marrone,179.0,71.6,Marrone,Uomo
C1XZ1006M012,Mocassini,mocassini uomo in pelle t.moro,179.0,71.6,Marrone,Uomo
C1XZ1005M018,Mocassini,mocassini uomo in pelle con nappine marrone,179.0,71.6,Marrone,Uomo
C1XN1020M012,Mocassini,mocassini uomo in pelle scamosciata e fiocco t.moro,149.0,59.6,Marrone,Uomo
C1XN1019M012,Mocassini,mocassini uomo in pelle scamosciata t.moro,149.0,59.6,Marrone,Uomo
C1XN1015M073,Altro,scarpa uomo con vaschetta in pelle scamosciata noce,179.0,71.6,Marrone,Uomo
C1XN1014M073,Sneakers,sneakers uomo in pelle scamosciata noce,179.0,71.6,Marrone,Uomo
C1XE1005M012,Stringate,derby in pelle stampata t.moro,215.0,86.0,Marrone,Uomo
C1XE1003M012,Stringate,francesina uomo in pelle t.moro,215.0,86.0,Marrone,Uomo
C1TR6111M012,Mocassini,mocassini in pelle scamosciata con passante t.moro,89.9,35.96,Marrone,Uomo
C1PC6434X001,Sneakers,sneakers da uomo in pelle scamosciata e tessuto multi taupe,89.9,35.96,Multicolor,Uomo
C1PC6434G009,Sneakers,sneakers da uomo in pelle scamosciata e tessuto multi verde,89.9,35.96,Multicolor,Uomo
C1PV1102Z005,Sneakers,sneakers uomo in pelle e pelle scamosciata multi giallo,129.9,51.96,Multicolor,Uomo
C1PV1102R012,Sneakers,sneakers uomo in pelle e pelle scamosciata multi rosso,129.9,51.96,Multicolor,Uomo
C1PV1102G009,Sneakers,sneakers uomo in pelle e pelle scamosciata multi verde,129.9,51.96,Multicolor,Uomo
C1PB1432Z005,Altro,scarpe running uomo multicolor multi giallo,139.9,55.96,Multicolor,Uomo
C1XN1030N001,Sneakers,sneakers da uomo allacciate in pelle nero,189.0,75.6,Nero,Uomo
C1XN1027N001,Sneakers,sneakers da uomo in pelle nero,179.0,71.6,Nero,Uomo
C1PC6434N007,Sneakers,sneakers da uomo in pelle scamosciata e tessuto multi nero,89.9,35.96,Nero,Uomo
C1XZ1005N001,Mocassini,mocassini uomo in pelle con nappine nero,179.0,71.6,Nero,Uomo
C1XP1018N001,Ciabatte,ciabatta uomo in pelle nero,95.0,38.0,Nero,Uomo
C1XP1016N001,Sandali,sandali infradito uomo in pelle nero,95.0,38.0,Nero,Uomo
C1XP1015N001,Sabot,sabot uomo in pelle nero,105.0,42.0,Nero,Uomo
C1XZ6009M005,Mocassini,mocassini uomo in pelle scamosciata con nappine e suola a cassetta taupe,159.0,63.6,Taupe,Uomo
C1XN1017M005,Sneakers,sneakers uomo in pelle scamosciata taupe,179.0,71.6,Taupe,Uomo
C1XM6006M005,Mocassini,mocassini uomo in pelle scamosciata taupe,139.0,55.6,Taupe,Uomo
C1TM9004M005,Altro,scarpe barca in tessuto taupe,69.9,,Taupe,Uomo
C1PC6434G046,Sneakers,sneakers da uomo in pelle scamosciata e tessuto multi militare,89.9,35.96,Verde,Uomo
C1TR6112G035,Mocassini,mocassini in pelle scamosciata con fiocco verde prato,89.9,35.96,Verde,Uomo
C1PV9102G001,Sneakers,sneakers uomo in tessuto verde,129.9,51.96,Verde,Uomo
