,id,category,name,price,sales_price,color,gender
0,25P_E011041DE,Décolleté,Décolleté Donna in Vernice,149.5,,,Donna
1,25P_E011073DE,Décolleté,Décolleté Donna in Pelle,149.5,,Nero,Donna
2,25P_E011073DE,Décolleté,Décolleté Donna in Pelle,149.5,,Rosa,Donna
3,25P_E011084DE,Décolleté,Décolleté Donna in Pelle,149.5,,,Donna
4,25P_E011085DE,Décolleté,Décolleté Donna in Vernice,149.5,,,Donna
5,25P_E012830DE,Sandali,Sandali Donna in Materiale Tecnico,179.5,,Marrone,Donna
6,25P_E012830DE,Sandali,Sandali Donna in Materiale Tecnico,179.5,,Rosa,Donna
7,25P_E012830DE,Sandali,Sandali Donna in Materiale Tecnico,179.5,,Argento,Donna
8,25P_E115530D,Sandali,Sandali Donna in Suede,119.5,,Nero,Donna
9,25P_E115530D,Sandali,Sandali Donna in Suede,119.5,,Beige,Donna
10,25P_E211041DE,Décolleté,Décolleté Donna in Vernice,149.5,,Nero,Donna
11,25P_E211041DE,Décolleté,Décolleté Donna in Vernice,149.5,,Rosso,Donna
12,25P_E211070DE,Décolleté,Décolleté Donna in Pelle,145.0,,,Donna
13,25P_E211072DE,Décolleté,Décolleté Donna in Pelle,149.5,,Nero,Donna
14,25P_E211072DE,Décolleté,Décolleté Donna in Pelle,149.5,,Rosa,Donna
15,25P_E218210D,Sabot,Sabot Donna in Pelle,129.5,,,Donna
16,25P_E218212D,Mocassini,Mocassini Donna in Pelle,135.0,,,Donna
17,25P_E218331DE,Décolleté,Décolleté Donna in Pelle,149.5,,,Donna
18,25P_E218332DE,Décolleté,Décolleté Donna in Pelle,149.5,,,Donna
19,25P_E218341DE,Décolleté,Décolleté Donna in Pelle,149.5,,Avorio,Donna
20,25P_E218341DE,Décolleté,Décolleté Donna in Pelle,149.5,,Nero,Donna
21,25P_E218342DE,Décolleté,Décolleté Donna in Pelle,149.5,,,Donna
22,25P_E219045D,Sandali,"Sandali Donna in Pelle, Tela e Materiale Tecnico",159.5,,,Donna
23,25P_E219022D,Sandali,Sandali Donna in Pelle e Materiale Tecnico,129.5,,,Donna
24,25P_E306371D,Sneakers,Sneakers Donna in Pelle,149.5,,,Donna
25,25P_E306520D,Sneakers,Sneakers Donna in Pelle,139.5,,,Donna
26,25P_E306521D,Sneakers,Sneakers Donna in Pelle,139.5,,,Donna
27,25P_E307010DE,Décolleté,Décolleté Donna in Materiale Tecnico,155.0,,Marrone,Donna
28,25P_E307010DE,Décolleté,Décolleté Donna in Materiale Tecnico,155.0,,Argento,Donna
29,25P_E307040DE,Décolleté,Décolleté Donna in Pelle,149.5,,,Donna
30,25P_E307041DE,Décolleté,Décolleté Donna in Pelle,149.5,,Oro,Donna
31,25P_E307041DE,Décolleté,Décolleté Donna in Pelle,149.5,,Argento,Donna
32,25P_E307081DE,Décolleté,Décolleté Donna in Pelle,149.5,,Nero,Donna
33,25P_E307081DE,Décolleté,Décolleté Donna in Pelle,149.5,,Beige,Donna
34,25P_E307081DE,Décolleté,Décolleté Donna in Pelle,149.5,,Bianco,Donna
35,25P_E307231DE,Sandali,Sandali Donna in Pelle,179.5,,Nero,Donna
36,25P_E307231DE,Sandali,Sandali Donna in Pelle,179.5,,Avorio,Donna
37,25P_E307231DE,Sandali,Sandali Donna in Pelle,179.5,,Bianco,Donna
38,25P_E307750D,Sandali,Sandali Donna in Materiale Tecnico e Tela,159.5,,,Donna
39,25P_E307753D,Sandali,Sandali Donna in Pelle e Tela,159.5,,,Donna
40,25P_E307812D,Sandali,Sandali Donna in Pelle,109.5,,Nero,Donna
41,25P_E307812D,Sandali,Sandali Donna in Pelle,109.5,,Bianco,Donna
42,25P_E307813D,Sandali,Sandali Donna in Suede,109.5,,Beige,Donna
43,25P_E307813D,Sandali,Sandali Donna in Suede,109.5,,Marrone,Donna
44,25P_E307841D,Sandali,Sandali Donna in Pelle e Materiale Tecnico,129.5,,,Donna
45,25P_E311072DE,Décolleté,Décolleté Donna in Pelle,149.5,,,Donna
46,25P_E313500DE,Décolleté,Décolleté Donna in Pelle,145.0,,,Donna
47,25P_E318332DE,Décolleté,Décolleté Donna in Pelle,149.5,,,Donna
48,25P_E406520D,Sneakers,Sneakers Donna in Pelle,139.5,,,Donna
49,25P_E407841D,Sandali,Sandali Donna in Pelle e Materiale Tecnico,129.5,,,Donna
50,25P_E409312DE,Décolleté,Décolleté Donna in Pelle,145.0,,,Donna
51,25P_E409331DE,Décolleté,Décolleté Donna in Pelle,149.5,,Nero,Donna
52,25P_E409331DE,Décolleté,Décolleté Donna in Pelle,149.5,,Beige,Donna
53,25P_E409331DE,Décolleté,Décolleté Donna in Pelle,149.5,,Bianco,Donna
54,25P_E409340DE,Décolleté,Décolleté Donna in Pelle,159.5,,Nero,Donna
55,25P_E409340DE,Décolleté,Décolleté Donna in Pelle,159.5,,Beige,Donna
56,25P_E409431D,Décolleté,Décolleté Donna in Pelle,145.0,,Nero,Donna
57,25P_E409431D,Décolleté,Décolleté Donna in Pelle,145.0,,Beige,Donna
58,25P_E409440D,Décolleté,Décolleté Donna in Pelle,169.5,,Nero,Donna
59,25P_E409440D,Décolleté,Décolleté Donna in Pelle,169.5,,Beige,Donna
60,25P_E409450D,Décolleté,Décolleté Donna in Vernice,175.0,,,Donna
61,25P_E409471D,Mocassini,Mocassini Donna in Pelle,149.5,,,Donna
62,25P_E409490D,Décolleté,Décolleté Donna in Vernice,159.5,,,Donna
63,25P_E409501D,Décolleté,Décolleté Donna in Pelle,139.5,,,Donna
64,25P_E409515D,Ballerine,Ballerine Donna in Pelle,149.5,,,Donna
65,25P_E409620D,Mocassini,Mocassini Donna in Pelle,149.5,,Marrone,Donna
66,25P_E409620D,Mocassini,Mocassini Donna in Pelle,149.5,,Beige,Donna
67,25P_E409730D,Tronchetti,Tronchetti Donna in Pelle,169.5,,Marrone,Donna
68,25P_E409730D,Tronchetti,Tronchetti Donna in Pelle,169.5,,Rosa,Donna
69,25P_E409852D,Sneakers,"Sneakers Donna in Pelle, Suede e Tela",159.5,,Rosa,Donna
70,25P_E409852D,Sneakers,"Sneakers Donna in Pelle, Suede e Tela",159.5,,Avorio,Donna
71,25P_E409872D,Sneakers,"Sneakers Donna in Suede, Tela e Pelle",149.5,,,Donna
72,25P_E409874D,Sneakers,"Sneakers Donna in Suede, Tela e Pelle",149.5,,,Donna
73,25P_E409913D,Sneakers,Sneakers Donna in Pelle,149.5,,,Donna
74,25P_E409915D,Sneakers,Sneakers Donna in Pelle,149.5,,,Donna
75,25P_E409919D,Sneakers,Sneakers Donna in Pelle e Materiale Tecnico,145.0,,Bianco,Donna
76,25P_E409919D,Sneakers,Sneakers Donna in Pelle e Materiale Tecnico,145.0,,Avorio,Donna
77,25P_E409956D,Sneakers,Sneakers Donna in Pelle e Materiale Tecnico,139.5,,,Donna
78,25P_E409975D,Sneakers,Sneakers Donna in Pelle,159.5,,,Donna
79,25P_E409992D,Sneakers,Sneakers Donna in Pelle e Suede,149.5,,Beige,Donna
80,25P_E409992D,Sneakers,Sneakers Donna in Pelle e Suede,149.5,,Celeste,Donna
81,25P_E410001D,Ballerine,Ballerine Donna in Pelle,139.5,,Nero,Donna
82,25P_E410001D,Ballerine,Ballerine Donna in Pelle,139.5,,Beige,Donna
83,25P_E410100DE,Sandali,Sandali Donna in Pelle,185.0,,,Donna
84,25P_E410101DE,Sandali,Sandali Donna in Pelle,185.0,,,Donna
85,25P_E410102DE,Sandali,Sandali Donna in Pelle e Materiale Tecnico,179.5,,Rosa,Donna
86,25P_E410102DE,Sandali,Sandali Donna in Pelle e Materiale Tecnico,179.5,,Argento,Donna
87,25P_E410111DE,Sandali,Sandali Donna in Pelle,159.5,,Nero,Donna
88,25P_E410111DE,Sandali,Sandali Donna in Pelle,159.5,,Rosa,Donna
89,25P_E410111DE,Sandali,Sandali Donna in Pelle,159.5,,Bianco,Donna
90,25P_E410211D,Sandali,Sandali Donna in Pelle,179.5,,Nero,Donna
91,25P_E410211D,Sandali,Sandali Donna in Pelle,179.5,,Bianco,Donna
92,25P_E410221D,Sandali,Sandali Donna in Pelle,179.5,,Rosa,Donna
93,25P_E410221D,Sandali,Sandali Donna in Pelle,179.5,,Argento,Donna
94,25P_E410260D,Sandali,Sandali Donna in Pelle,169.5,,Rosa,Donna
95,25P_E410260D,Sandali,Sandali Donna in Pelle,169.5,,Argento,Donna
96,25P_E410400D,Sandali,Sandali Donna in Pelle,149.5,,Nero,Donna
97,25P_E410400D,Sandali,Sandali Donna in Pelle,149.5,,Beige,Donna
98,25P_E410400D,Sandali,Sandali Donna in Pelle,149.5,,Bianco,Donna
99,25P_E410430D,Sandali,Sandali Donna in Pelle e Materiale Tecnico,129.5,,Beige,Donna
100,25P_E410430D,Sandali,Sandali Donna in Pelle e Materiale Tecnico,129.5,,Bianco,Donna
101,25P_E410440D,Sandali,Sandali Donna in Pelle,119.5,,Nero,Donna
102,25P_E410440D,Sandali,Sandali Donna in Pelle,119.5,,Bianco,Donna
103,25P_E410530D,Sandali,Sandali Donna in Pelle,129.5,,Marrone,Donna
104,25P_E410530D,Sandali,Sandali Donna in Pelle,129.5,,Beige,Donna
105,25P_E410530D,Sandali,Sandali Donna in Pelle,129.5,,Rosa,Donna
106,25P_E410600D,Sandali,Sandali Donna in Suede,159.5,,Marrone,Donna
107,25P_E410600D,Sandali,Sandali Donna in Suede,159.5,,Beige,Donna
108,25P_E410670D,Sandali,Sandali Donna in Pelle e Materiale Tecnico,139.5,,,Donna
109,25P_E410680D,Sandali,"Sandali Donna in Pelle, Tela e Materiale Tecnico",159.5,,,Donna
110,25P_E410685D,Sandali,Sandali Donna in Pelle e Materiale Tecnico,169.5,,Nero,Donna
111,25P_E410685D,Sandali,Sandali Donna in Pelle e Materiale Tecnico,169.5,,Bianco,Donna
112,25P_E410700D,Sandali,Sandali Donna in Pelle e Tela,129.5,,Nero,Donna
113,25P_E410700D,Sandali,Sandali Donna in Pelle e Tela,129.5,,Bianco,Donna
114,25P_E410704D,Sandali,Sandali Donna in Pelle e Materiale Tecnico,129.5,,,Donna
115,25P_E410707D,Sandali,Sandali Donna in Pelle e Materiale Tecnico,149.5,,Nero,Donna
116,25P_E410707D,Sandali,Sandali Donna in Pelle e Materiale Tecnico,149.5,,Rosa,Donna
117,25P_E410707D,Sandali,Sandali Donna in Pelle e Materiale Tecnico,149.5,,Bianco,Donna
118,25P_E411072DE,Décolleté,Décolleté Donna in Pelle,149.5,,,Donna
119,25P_E510212D,Sandali,Sandali Donna in Vernice,179.5,,Rosso,Donna
120,25P_E510212D,Sandali,Sandali Donna in Vernice,179.5,,Avorio,Donna
121,25P_E510700D,Sandali,Sandali Donna in Pelle e Tela,129.5,,,Donna
122,25P_E506371D,Sneakers,Sneakers Donna in Pelle,149.5,,,Donna
123,25P_E512200DE,Décolleté,Décolleté Donna in Vernice,159.5,,Nero,Donna
124,25P_E512200DE,Décolleté,Décolleté Donna in Vernice,159.5,,Beige,Donna
125,25P_E512200DE,Décolleté,Décolleté Donna in Vernice,159.5,,Avorio,Donna
126,25P_E506520D,Sneakers,Sneakers Donna in Pelle,139.5,,,Donna
127,25P_E512210DE,Décolleté,Décolleté Donna in Pelle,155.0,,Nero,Donna
128,25P_E512210DE,Décolleté,Décolleté Donna in Pelle,155.0,,Beige,Donna
129,25P_E507010DE,Décolleté,Décolleté Donna in Materiale Tecnico,155.0,,,Donna
130,25P_E512220DE,Décolleté,Décolleté Donna in Pelle,159.5,,,Donna
131,25P_E509450D,Décolleté,Décolleté Donna in Vernice,175.0,,Rosa,Donna
132,25P_E509450D,Décolleté,Décolleté Donna in Vernice,175.0,,Avorio,Donna
133,25P_E512221DE,Décolleté,Décolleté Donna in Materiale Tecnico,159.5,,Rosa,Donna
134,25P_E512221DE,Décolleté,Décolleté Donna in Materiale Tecnico,159.5,,Argento,Donna
135,25P_E509490D,Décolleté,Décolleté Donna in Vernice,159.5,,Celeste,Donna
136,25P_E509490D,Décolleté,Décolleté Donna in Vernice,159.5,,Rosa,Donna
137,25P_E509490D,Décolleté,Décolleté Donna in Vernice,159.5,,Rosso,Donna
138,25P_E512230DE,Décolleté,Décolleté Donna in Vernice,169.5,,Nero,Donna
139,25P_E512230DE,Décolleté,Décolleté Donna in Vernice,169.5,,Verde,Donna
140,25P_E512230DE,Décolleté,Décolleté Donna in Vernice,169.5,,Avorio,Donna
141,25P_E509515D,Ballerine,Ballerine Donna in Pelle,149.5,,,Donna
142,25P_E512231DE,Décolleté,Décolleté Donna in Vernice,159.5,,Nero,Donna
143,25P_E512231DE,Décolleté,Décolleté Donna in Vernice,159.5,,Avorio,Donna
144,25P_E512240DE,Décolleté,Décolleté Donna in Pelle,159.5,,Nero,Donna
145,25P_E512240DE,Décolleté,Décolleté Donna in Pelle,159.5,,Avorio,Donna
146,25P_E510440D,Sandali,Sandali Donna in Pelle,119.5,,,Donna
147,25P_E512241DE,Décolleté,Décolleté Donna in Vernice,159.5,,Celeste,Donna
148,25P_E512241DE,Décolleté,Décolleté Donna in Vernice,159.5,,Rosa,Donna
149,25P_E512241DE,Décolleté,Décolleté Donna in Vernice,159.5,,Rosso,Donna
150,25P_E510685D,Sandali,Sandali Donna in Pelle e Materiale Tecnico,169.5,,,Donna
151,25P_E512242DE,Décolleté,Décolleté Donna in Pelle,149.5,,Nero,Donna
152,25P_E512242DE,Décolleté,Décolleté Donna in Pelle,149.5,,Avorio,Donna
153,25P_E512250DE,Décolleté,Décolleté Donna in Pelle,159.5,,Nero,Donna
154,25P_E512250DE,Décolleté,Décolleté Donna in Pelle,159.5,,Beige,Donna
155,25P_E511041DE,Décolleté,Décolleté Donna in Vernice,149.5,,,Donna
156,25P_E512251DE,Décolleté,Décolleté Donna in Vernice,159.5,,,Donna
157,25P_E511070DE,Décolleté,Décolleté Donna in Pelle,145.0,,,Donna
158,25P_E512252DE,Décolleté,Décolleté Donna in Pelle,159.5,,Nero,Donna
159,25P_E512252DE,Décolleté,Décolleté Donna in Pelle,159.5,,Beige,Donna
160,25P_E512253DE,Décolleté,Décolleté Donna in Pelle,165.0,,Oro,Donna
161,25P_E512253DE,Décolleté,Décolleté Donna in Pelle,165.0,,Argento,Donna
162,25P_E512254DE,Décolleté,Décolleté Donna in Tessuto e Pelle,159.5,,Blu,Donna
163,25P_E512254DE,Décolleté,Décolleté Donna in Tessuto e Pelle,159.5,,Blue,Donna
164,25P_E512260DE,Décolleté,Décolleté Donna in Pelle,159.5,,,Donna
165,25P_E512261DE,Décolleté,Décolleté Donna in Vernice,159.5,,Celeste,Donna
166,25P_E512261DE,Décolleté,Décolleté Donna in Vernice,159.5,,Rosa,Donna
167,25P_E512261DE,Décolleté,Décolleté Donna in Vernice,159.5,,Rosso,Donna
168,25P_E512261DE,Décolleté,Décolleté Donna in Vernice,159.5,,Avorio,Donna
169,25P_E512262DE,Décolleté,Décolleté Donna in Pelle,149.5,,,Donna
170,25P_E512263DE,Décolleté,Décolleté Donna in Vernice,149.5,,,Donna
171,25P_E512310D,Décolleté,Décolleté Donna in Pelle,159.5,,,Donna
172,25P_E512320D,Décolleté,Décolleté Donna in Pelle,149.5,,Nero,Donna
173,25P_E512320D,Décolleté,Décolleté Donna in Pelle,149.5,,Beige,Donna
174,25P_E512321D,Décolleté,Décolleté Donna in Pelle,149.5,,Nero,Donna
175,25P_E512321D,Décolleté,Décolleté Donna in Pelle,149.5,,Beige,Donna
176,25P_E512331D,Décolleté,Décolleté Donna in Vernice,159.5,,Rosa,Donna
177,25P_E512331D,Décolleté,Décolleté Donna in Vernice,159.5,,Rosso,Donna
178,25P_E512331D,Décolleté,Décolleté Donna in Vernice,159.5,,Avorio,Donna
179,25P_E512340D,Décolleté,Décolleté Donna in Vernice,145.0,,Nero,Donna
180,25P_E512340D,Décolleté,Décolleté Donna in Vernice,145.0,,Rosa,Donna
181,25P_E512340D,Décolleté,Décolleté Donna in Vernice,145.0,,Avorio,Donna
182,25P_E512341D,Décolleté,Décolleté Donna in Vernice,145.0,,Nero,Donna
183,25P_E512341D,Décolleté,Décolleté Donna in Vernice,145.0,,Rosa,Donna
184,25P_E512341D,Décolleté,Décolleté Donna in Vernice,145.0,,Avorio,Donna
185,25P_E512350D,Décolleté,Décolleté Donna in Pelle,145.0,,Nero,Donna
186,25P_E512350D,Décolleté,Décolleté Donna in Pelle,145.0,,Beige,Donna
187,25P_E512350D,Décolleté,Décolleté Donna in Pelle,145.0,,Blue,Donna
188,25P_E512351D,Décolleté,Décolleté Donna in Suede,139.5,,,Donna
189,25P_E512360D,Décolleté,Décolleté Donna in Pelle,135.0,,,Donna
190,25P_E512361D,Ballerine,Ballerine Donna in Vernice,135.0,,Celeste,Donna
191,25P_E512361D,Ballerine,Ballerine Donna in Vernice,135.0,,Rosa,Donna
192,25P_E512361D,Ballerine,Ballerine Donna in Vernice,135.0,,Avorio,Donna
193,25P_E512362D,Ballerine,Ballerine Donna in Tessuto e Pelle,135.0,,Blu,Donna
194,25P_E512362D,Ballerine,Ballerine Donna in Tessuto e Pelle,135.0,,Blue,Donna
195,25P_E512370D,Ballerine,Ballerine Donna in Tessuto e Pelle,149.5,,,Donna
196,25P_E512300D,Décolleté,Décolleté Donna in Pelle,155.0,,Nero,Donna
197,25P_E512300D,Décolleté,Décolleté Donna in Pelle,155.0,,Beige,Donna
198,25P_E512620D,Mocassini,Mocassini Donna in Suede,129.5,,Blu,Donna
199,25P_E512620D,Mocassini,Mocassini Donna in Suede,129.5,,Avio,Donna
200,25P_E512620D,Mocassini,Mocassini Donna in Suede,129.5,,Beige,Donna
201,25P_E512620D,Mocassini,Mocassini Donna in Suede,129.5,,Verde,Donna
202,25P_E512620D,Mocassini,Mocassini Donna in Suede,129.5,,Rosa,Donna
203,25P_E512620D,Mocassini,Mocassini Donna in Suede,129.5,,Blue,Donna
204,25P_E512660D,Tronchetti,Tronchetti Donna in Pelle,149.5,,Marrone,Donna
205,25P_E512660D,Tronchetti,Tronchetti Donna in Pelle,149.5,,Beige,Donna
206,25P_E512311D,Décolleté,Décolleté Donna in Pelle,169.5,,,Donna
207,25P_E512680D,Tronchetti,Tronchetti Donna in Pelle,159.5,,Marrone,Donna
208,25P_E512680D,Tronchetti,Tronchetti Donna in Pelle,159.5,,Beige,Donna
209,25P_E512312D,Décolleté,Décolleté Donna in Vernice,169.5,,Rosa,Donna
210,25P_E512312D,Décolleté,Décolleté Donna in Vernice,169.5,,Avorio,Donna
211,25P_E512690D,Tronchetti,Tronchetti Donna in Pelle,149.5,,Nero,Donna
212,25P_E512690D,Tronchetti,Tronchetti Donna in Pelle,149.5,,Marrone,Donna
213,25P_E512690D,Tronchetti,Tronchetti Donna in Pelle,149.5,,Beige,Donna
214,25P_E512700D,Tronchetti,Tronchetti Donna in Pelle,149.5,,,Donna
215,25P_E512704D,Tronchetti,Tronchetti Donna in Pelle,149.5,,,Donna
216,25P_E512330D,Décolleté,Décolleté Donna in Pelle,159.5,,,Donna
217,25P_E512705D,Tronchetti,Tronchetti Donna in Suede,139.5,,,Donna
218,25P_E512706D,Stivali,Stivali Donna in Pelle,189.5,,,Donna
219,25P_E512710D,Tronchetti,Tronchetti Donna in Suede,149.5,,Avio,Donna
220,25P_E512710D,Tronchetti,Tronchetti Donna in Suede,149.5,,Beige,Donna
221,25P_E512850D,Sneakers,Snekares Donna in Pelle,139.5,,Platino,Donna
222,25P_E512850D,Sneakers,Snekares Donna in Pelle,139.5,,Argento,Donna
223,25P_E512851D,Sneakers,Snekares Donna in Pelle,139.5,,,Donna
224,25P_E512855D,Sneakers,Sneakers Donna in Pelle e Suede,139.5,,Beige,Donna
225,25P_E512855D,Sneakers,Sneakers Donna in Pelle e Suede,139.5,,Celeste,Donna
226,25P_E512855D,Sneakers,Sneakers Donna in Pelle e Suede,139.5,,Avorio,Donna
227,25P_E512860D,Sneakers,"Sneakers Donna in Suede, Tela e Materiale Tecnico",159.5,,,Donna
228,25P_E512862D,Sneakers,"Sneakers Donna in Pelle, Tela e Materiale Tecnico",159.5,,,Donna
229,25P_E512863D,Sneakers,"Sneakers Donna in Suede, Tela e Materiale Tecnico",159.5,,,Donna
230,25P_E512880D,Sneakers,"Sneakers Donna in Pelle, Tela e Suede",149.5,,Argento,Donna
231,25P_E512880D,Sneakers,"Sneakers Donna in Pelle, Tela e Suede",149.5,,Oro,Donna
232,25P_E512884D,Sneakers,Sneakers Donna in Pelle e Materiale Tecnico,149.5,,Bianco,Donna
233,25P_E512884D,Sneakers,Sneakers Donna in Pelle e Materiale Tecnico,149.5,,Avorio,Donna
234,25P_E512621D,Mocassini,Mocassini Donna in Suede,119.5,,Blue,Donna
235,25P_E512621D,Mocassini,Mocassini Donna in Suede,119.5,,Avio,Donna
236,25P_E512621D,Mocassini,Mocassini Donna in Suede,119.5,,Beige,Donna
237,25P_E512903D,Sneakers,Sneakers Donna in Pelle e Materiale Tecnico,159.5,,,Donna
238,25P_E512907D,Sneakers,Sneakers Donna in Pelle e Materiale Tecnico,159.5,,Bianco,Donna
239,25P_E512907D,Sneakers,Sneakers Donna in Pelle e Materiale Tecnico,159.5,,Avorio,Donna
240,25P_E512670D,Tronchetti,Tronchetti Donna in Pelle,149.5,,Marrone,Donna
241,25P_E512670D,Tronchetti,Tronchetti Donna in Pelle,149.5,,Beige,Donna
242,25P_E512909D,Sneakers,Sneakers Donna in Pelle e Materiale Tecnico,149.5,,Bianco,Donna
243,25P_E512909D,Sneakers,Sneakers Donna in Pelle e Materiale Tecnico,149.5,,Avorio,Donna
244,25P_E512910D,Sneakers,Sneakers Donna in Pelle e Materiale Tecnico,159.5,,,Donna
245,25P_E512911D,Sneakers,Sneakers Donna in Pelle,159.5,,,Donna
246,25P_E512912D,Sneakers,Sneakers Donna in Pelle,159.5,,,Donna
247,25P_E512701D,Tronchetti,Tronchetti Donna in Suede,139.5,,Avio,Donna
248,25P_E512701D,Tronchetti,Tronchetti Donna in Suede,139.5,,Beige,Donna
249,25P_E512930D,Sneakers,"Sneakers Donna in Pelle, Tela e Materiale Tecnico",139.5,,Bianco,Donna
250,25P_E512930D,Sneakers,"Sneakers Donna in Pelle, Tela e Materiale Tecnico",139.5,,Avorio,Donna
251,25P_E512930D,Sneakers,"Sneakers Donna in Pelle, Tela e Materiale Tecnico",139.5,,Blue,Donna
252,25P_E512940D,Sneakers,"Sneakers Donna in Pelle, Tela e Materiale Tecnico",159.5,,Nero,Donna
253,25P_E512940D,Sneakers,"Sneakers Donna in Pelle, Tela e Materiale Tecnico",159.5,,Blue,Donna
254,25P_E512940D,Sneakers,"Sneakers Donna in Pelle, Tela e Materiale Tecnico",159.5,,Blu,Donna
255,25P_E512940D,Sneakers,"Sneakers Donna in Pelle, Tela e Materiale Tecnico",159.5,,Bianco,Donna
256,25P_E512940D,Sneakers,"Sneakers Donna in Pelle, Tela e Materiale Tecnico",159.5,,Avorio,Donna
257,25P_E512943D,Sneakers,Sneakers Donna in Pelle e Materiale Tecnico,165.0,,,Donna
258,25P_E512944D,Sneakers,Sneakers Donna in Pelle e Materiale Tecnico,165.0,,,Donna
259,25P_E512707D,Stivali,Stivali Donna in Suede,169.5,,,Donna
260,25P_E513002D,Sneakers,Sneakers Donna in Pelle,139.5,,,Donna
261,25P_E513004D,Sneakers,Sneakers Donna in Suede e Pelle,129.5,,,Donna
262,25P_E513005D,Sneakers,Sneakers Donna in Suede e Pelle,129.5,,Verde,Donna
263,25P_E513005D,Sneakers,Sneakers Donna in Suede e Pelle,129.5,,Rosa,Donna
264,25P_E513006D,Sneakers,Sneakers Donna in Pelle,129.5,,,Donna
265,25P_E513010D,Sneakers,Sneakers Donna in Pelle e Materiale Tecnico,145.0,,Platino,Donna
266,25P_E513010D,Sneakers,Sneakers Donna in Pelle e Materiale Tecnico,145.0,,Argento,Donna
267,25P_E513011D,Sneakers,"Sneakers Donna in Pelle, Suede e Materiale Tecnico",139.5,,,Donna
268,25P_E513012D,Sneakers,"Sneakers Donna in Pelle, Suede e Materiale Tecnico",139.5,,,Donna
269,25P_E513020D,Sneakers,Sneakers Donna in Pelle,139.5,,Platino,Donna
270,25P_E513020D,Sneakers,Sneakers Donna in Pelle,139.5,,Argento,Donna
271,25P_E512864D,Sneakers,"Sneakers Donna in Suede, Pelle e Materiale Tecnico",149.5,,,Donna
272,25P_E513022D,Sneakers,Sneakers Donna in Pelle,155.0,,,Donna
273,25P_E512865D,Sneakers,"Sneakers Donna in Suede, Pelle e Materiale Tecnico",149.5,,,Donna
274,25P_E513024D,Sneakers,Sneakers Donna in Pelle,155.0,,,Donna
275,25P_E512866D,Sneakers,"Sneakers Donna in Suede, Pelle e Materiale Tecnico",149.5,,,Donna
276,25P_E513040D,Sneakers,Sneakers Donna in Pelle e Suede,145.0,,,Donna
277,25P_E513041D,Sneakers,Sneakers Donna in Pelle e Suede,145.0,,Rosa,Donna
278,25P_E513041D,Sneakers,Sneakers Donna in Pelle e Suede,145.0,,Avorio,Donna
279,25P_E513060D,Sneakers,Sneakers Donna in Pelle e Materiale Tecnico,159.5,,Bianco,Donna
280,25P_E513060D,Sneakers,Sneakers Donna in Pelle e Materiale Tecnico,159.5,,Avorio,Donna
281,25P_E512902D,Sneakers,Sneakers Donna in Pelle e Materiale Tecnico,159.5,,,Donna
282,25P_E513062D,Sneakers,Sneakers Donna in Pelle e Materiale Tecnico,149.5,,Platino,Donna
283,25P_E513062D,Sneakers,Sneakers Donna in Pelle e Materiale Tecnico,149.5,,Argento,Donna
284,25P_E513063D,Sneakers,"Sneakers Donna in Pelle, Suede e Materiale Tecnico",149.5,,Bianco,Donna
285,25P_E513063D,Sneakers,"Sneakers Donna in Pelle, Suede e Materiale Tecnico",149.5,,Avorio,Donna
286,25P_E513081D,Sneakers,Sneakers Donna in Pelle e Materiale Tecnico,149.5,,Bianco,Donna
287,25P_E513081D,Sneakers,Sneakers Donna in Pelle e Materiale Tecnico,149.5,,Beige,Donna
288,25P_E512908D,Sneakers,Sneakers Donna in Pelle e Materiale Tecnico,159.5,,,Donna
289,25P_E513090D,Sneakers,Sneakers Donna in Pelle e Materiale Tecnico,129.5,,Bianco,Donna
290,25P_E513090D,Sneakers,Sneakers Donna in Pelle e Materiale Tecnico,129.5,,Avorio,Donna
291,25P_E513091D,Sneakers,Sneakers Donna in Pelle e Materiale Tecnico,129.5,,,Donna
292,25P_E513093D,Sneakers,Sneakers Donna in Pelle e Materiale Tecnico,145.0,,,Donna
293,25P_E513094D,Sneakers,Sneakers Donna in Pelle e Suede,145.0,,Platino,Donna
294,25P_E513094D,Sneakers,Sneakers Donna in Pelle e Suede,145.0,,Argento,Donna
295,25P_E513100D,Sneakers,Sneakers Donna in Pelle e Materiale Tecnico,149.5,,Platino,Donna
296,25P_E513100D,Sneakers,Sneakers Donna in Pelle e Materiale Tecnico,149.5,,Bianco,Donna
297,25P_E513150DE,Sandali,Sandali Donna in Pelle,189.5,,Rosa,Donna
298,25P_E513150DE,Sandali,Sandali Donna in Pelle,189.5,,Argento,Donna
299,25P_E513161DE,Sandali,Sandali Donna in Pelle,179.5,,Nero,Donna
300,25P_E513161DE,Sandali,Sandali Donna in Pelle,179.5,,Beige,Donna
301,25P_E513161DE,Sandali,Sandali Donna in Pelle,179.5,,Bianco,Donna
302,25P_E512942D,Sneakers,Sneakers Donna in Pelle e Materiale Tecnico,165.0,,,Donna
303,25P_E513162DE,Sandali,Sandali Donna in Pelle,179.5,,,Donna
304,25P_E513163DE,Sandali,Sandali Donna in Pelle,179.5,,,Donna
305,25P_E513170DE,Sandali,Sandali Donna in Pelle,165.0,,Oro,Donna
306,25P_E513170DE,Sandali,Sandali Donna in Pelle,165.0,,Argento,Donna
307,25P_E512961D,Sneakers,"Sneakers Donna in Suede, Tela e Materiale Tecnico",159.5,,,Donna
308,25P_E513180DE,Sandali,Sandali Donna in Pelle,159.5,,,Donna
309,25P_E512962D,Sneakers,"Sneakers Donna in Suede, Tela e Materiale Tecnico",159.5,,,Donna
310,25P_E513181DE,Sandali,Sandali Donna in Materiale Tecnico,159.5,,Rosa,Donna
311,25P_E513181DE,Sandali,Sandali Donna in Materiale Tecnico,159.5,,Argento,Donna
312,25P_E513001D,Sneakers,Sneakers Donna in Pelle e Materiale Tecnico,139.5,,Bianco,Donna
313,25P_E513001D,Sneakers,Sneakers Donna in Pelle e Materiale Tecnico,139.5,,Avorio,Donna
314,25P_E513190DE,Sandali,Sandali Donna in Pelle,179.5,,Nero,Donna
315,25P_E513190DE,Sandali,Sandali Donna in Pelle,179.5,,Beige,Donna
316,25P_E513191DE,Sandali,Sandali Donna in Pelle,149.5,,,Donna
317,25P_E513192DE,Sandali,Sandali Donna in Vernice,149.5,,Celeste,Donna
318,25P_E513192DE,Sandali,Sandali Donna in Vernice,149.5,,Rosso,Donna
319,25P_E513192DE,Sandali,Sandali Donna in Vernice,149.5,,Avorio,Donna
320,25P_E513200DE,Sandali,Sandali Donna in Pelle,149.5,,Nero,Donna
321,25P_E513200DE,Sandali,Sandali Donna in Pelle,149.5,,Beige,Donna
322,25P_E513200DE,Sandali,Sandali Donna in Pelle,149.5,,Bianco,Donna
323,25P_E513201DE,Sandali,Sandali Donna in Materiale Tecnico,149.5,,Rosa,Donna
324,25P_E513201DE,Sandali,Sandali Donna in Materiale Tecnico,149.5,,Argento,Donna
325,25P_E513007D,Sneakers,"Sneakers Donna in Pelle, Suede e Materiale Tecnico",139.5,,Marrone,Donna
326,25P_E513007D,Sneakers,"Sneakers Donna in Pelle, Suede e Materiale Tecnico",139.5,,Bianco,Donna
327,25P_E513221DE,Sandali,Sandali Donna in Pelle,159.5,,,Donna
328,25P_E513222DE,Sandali,Sandali Donna in Pelle,159.5,,Blu,Donna
329,25P_E513222DE,Sandali,Sandali Donna in Pelle,159.5,,Oro,Donna
330,25P_E513222DE,Sandali,Sandali Donna in Pelle,159.5,,Argento,Donna
331,25P_E513240D,Sandali,Sandali Donna in Pelle,129.5,,Nero,Donna
332,25P_E513240D,Sandali,Sandali Donna in Pelle,129.5,,Bianco,Donna
333,25P_E513241D,Sandali,Sandali Donna in Vernice,129.5,,Avorio,Donna
334,25P_E513241D,Sandali,Sandali Donna in Vernice,129.5,,Rosso,Donna
335,25P_E513260D,Sandali,Sandali Donna in Pelle,139.5,,Rosa,Donna
336,25P_E513260D,Sandali,Sandali Donna in Pelle,139.5,,Argento,Donna
337,25P_E513261D,Sandali,Sandali Donna in Pelle e Suede,129.5,,Nero,Donna
338,25P_E513261D,Sandali,Sandali Donna in Pelle e Suede,129.5,,Beige,Donna
339,25P_E513023D,Sneakers,Sneakers Donna in Pelle,155.0,,,Donna
340,25P_E513270D,Sandali,Sandali Donna in Pelle,129.5,,Rosa,Donna
341,25P_E513270D,Sandali,Sandali Donna in Pelle,129.5,,Argento,Donna
342,25P_E513280D,Sandali,Sandali Donna in Pelle,139.5,,Rosa,Donna
343,25P_E513280D,Sandali,Sandali Donna in Pelle,139.5,,Argento,Donna
344,25P_E513026D,Sneakers,Sneakers Donna in Pelle e Materiale Tecnico,139.5,,Bianco,Donna
345,25P_E513026D,Sneakers,Sneakers Donna in Pelle e Materiale Tecnico,139.5,,Avorio,Donna
346,25P_E513290D,Sandali,Sandali Donna in Pelle,129.5,,Argento,Donna
347,25P_E513290D,Sandali,Sandali Donna in Pelle,129.5,,Rosa,Donna
348,25P_E513302D,Sandali,Sandali Donna in Pelle,129.5,,,Donna
349,25P_E513303D,Sandali,Sandali Donna in Pelle,129.5,,Avorio,Donna
350,25P_E513303D,Sandali,Sandali Donna in Pelle,129.5,,Rosa,Donna
351,25P_E513350D,Sandali,Sandali Donna in Pelle,149.5,,Nero,Donna
352,25P_E513350D,Sandali,Sandali Donna in Pelle,149.5,,Beige,Donna
353,25P_E513352D,Sandali,Sandali Donna in Pelle,139.5,,Nero,Donna
354,25P_E513352D,Sandali,Sandali Donna in Pelle,139.5,,Rosa,Donna
355,25P_E513352D,Sandali,Sandali Donna in Pelle,139.5,,Bianco,Donna
356,25P_E513354D,Sandali,Sandali Donna in Pelle,149.5,,Nero,Donna
357,25P_E513354D,Sandali,Sandali Donna in Pelle,149.5,,Beige,Donna
358,25P_E513354D,Sandali,Sandali Donna in Pelle,149.5,,Marrone,Donna
359,25P_E513354D,Sandali,Sandali Donna in Pelle,149.5,,Bianco,Donna
360,25P_E513080D,Sneakers,Sneakers Donna in Pelle e Materiale Tecnico,139.5,,Beige,Donna
361,25P_E513080D,Sneakers,Sneakers Donna in Pelle e Materiale Tecnico,139.5,,Bianco,Donna
362,25P_E513080D,Sneakers,Sneakers Donna in Pelle e Materiale Tecnico,139.5,,Avorio,Donna
363,25P_E513360D,Sandali,Sandali Donna in Pelle,149.5,,,Donna
364,25P_E513361D,Sandali,Sandali Donna in Pelle,149.5,,Beige,Donna
365,25P_E513361D,Sandali,Sandali Donna in Pelle,149.5,,Bianco,Donna
366,25P_E513370D,Sandali,Sandali Donna in Pelle,145.0,,Nero,Donna
367,25P_E513370D,Sandali,Sandali Donna in Pelle,145.0,,Beige,Donna
368,25P_E513370D,Sandali,Sandali Donna in Pelle,145.0,,Bianco,Donna
369,25P_E513380D,Sandali,Sandali Donna in Pelle,139.5,,Nero,Donna
370,25P_E513380D,Sandali,Sandali Donna in Pelle,139.5,,Marrone,Donna
371,25P_E513380D,Sandali,Sandali Donna in Pelle,139.5,,Beige,Donna
372,25P_E513400D,Sandali,Sandali Donna in Pelle,109.5,,Bianco,Donna
373,25P_E513400D,Sandali,Sandali Donna in Pelle,109.5,,Nero,Donna
374,25P_E513401D,Sandali,Sandali Donna in Pelle,109.5,,,Donna
375,25P_E513403D,Sandali,Sandali Donna in Pelle,119.5,,Beige,Donna
376,25P_E513403D,Sandali,Sandali Donna in Pelle,119.5,,Bianco,Donna
377,25P_E513102D,Sneakers,"Sneakers Donna in Suede, Tela e Materiale Tecnico",145.0,,Rosa,Donna
378,25P_E513102D,Sneakers,"Sneakers Donna in Suede, Tela e Materiale Tecnico",145.0,,Avorio,Donna
379,25P_E513420D,Sandali,Sandali Donna in Pelle,119.5,,Nero,Donna
380,25P_E513420D,Sandali,Sandali Donna in Pelle,119.5,,Beige,Donna
381,25P_E513420D,Sandali,Sandali Donna in Pelle,119.5,,Bianco,Donna
382,25P_E513103D,Sneakers,Sneakers Donna in Pelle e Tela,145.0,,,Donna
383,25P_E513421D,Sandali,Sandali Donna in Pelle e Materiale Tecnico,125.0,,,Donna
384,25P_E513422D,Sandali,Sandali Donna in Pelle e Materiale Tecnico,125.0,,Marrone,Donna
385,25P_E513422D,Sandali,Sandali Donna in Pelle e Materiale Tecnico,125.0,,Beige,Donna
386,25P_E513433D,Sandali,Sandali Donna in Pelle e Materiale Tecnico,125.0,,Beige,Donna
387,25P_E513433D,Sandali,Sandali Donna in Pelle e Materiale Tecnico,125.0,,Bianco,Donna
388,25P_E513435D,Sandali,Sandali Donna in Pelle e Tessuto,129.5,,Blu,Donna
389,25P_E513435D,Sandali,Sandali Donna in Pelle e Tessuto,129.5,,Blue,Donna
390,25P_E513440D,Sandali,Sandali Donna in Pelle e Materiale Tecnico,125.0,,Marrone,Donna
391,25P_E513440D,Sandali,Sandali Donna in Pelle e Materiale Tecnico,125.0,,Beige,Donna
392,25P_E513450D,Sandali,Sandali Donna in Pelle,129.5,,,Donna
393,25P_E513451D,Sandali,Sandali Donna in Pelle,129.5,,Oro,Donna
394,25P_E513451D,Sandali,Sandali Donna in Pelle,129.5,,Blue,Donna
395,25P_E513480D,Sandali,Sandali Donna in Pelle,129.5,,Nero,Donna
396,25P_E513480D,Sandali,Sandali Donna in Pelle,129.5,,Marrone,Donna
397,25P_E513480D,Sandali,Sandali Donna in Pelle,129.5,,Avorio,Donna
398,25P_E513490D,Sandali,Sandali Donna in Pelle,115.0,,Nero,Donna
399,25P_E513490D,Sandali,Sandali Donna in Pelle,115.0,,Rosa,Donna
400,25P_E513490D,Sandali,Sandali Donna in Pelle,115.0,,Avorio,Donna
401,25P_E513510D,Sandali,Sandali Donna in Pelle,119.5,,Beige,Donna
402,25P_E513510D,Sandali,Sandali Donna in Pelle,119.5,,Bianco,Donna
403,25P_E513510D,Sandali,Sandali Donna in Pelle,119.5,,Nero,Donna
404,25P_E513511D,Sandali,Sandali Donna in Materiale Tecnico,115.0,,Bianco,Donna
405,25P_E513511D,Sandali,Sandali Donna in Materiale Tecnico,115.0,,Rosa,Donna
406,25P_E513515D,Sandali,Sandali Donna in Pelle,115.0,,Nero,Donna
407,25P_E513515D,Sandali,Sandali Donna in Pelle,115.0,,Bianco,Donna
408,25P_E513516D,Sandali,Sandali Donna in Pelle,115.0,,,Donna
409,25P_E513520D,Sandali,Sandali Donna in Pelle,125.0,,Marrone,Donna
410,25P_E513520D,Sandali,Sandali Donna in Pelle,125.0,,Bianco,Donna
411,25P_E513520D,Sandali,Sandali Donna in Pelle,125.0,,Beige,Donna
412,25P_E513522D,Sandali,Sandali Donna in Pelle,129.5,,Nero,Donna
413,25P_E513522D,Sandali,Sandali Donna in Pelle,129.5,,Beige,Donna
414,25P_E513522D,Sandali,Sandali Donna in Pelle,129.5,,Bianco,Donna
415,25P_E513550D,Sandali,Sandali Donna in Pelle,129.5,,Beige,Donna
416,25P_E513550D,Sandali,Sandali Donna in Pelle,129.5,,Bianco,Donna
417,25P_E513550D,Sandali,Sandali Donna in Pelle,129.5,,Marrone,Donna
418,25P_E513552D,Sandali,Sandali Donna in Pelle,139.5,,Marrone,Donna
419,25P_E513552D,Sandali,Sandali Donna in Pelle,139.5,,Beige,Donna
420,25P_E513552D,Sandali,Sandali Donna in Pelle,139.5,,Bianco,Donna
421,25P_E513570D,Sandali,Sandali Donna in Suede,139.5,,Beige,Donna
422,25P_E513570D,Sandali,Sandali Donna in Suede,139.5,,Verde,Donna
423,25P_E513571D,Sandali,Sandali Donna in Pelle,139.5,,,Donna
424,25P_E513590D,Sandali,Sandali Donna in Suede,159.5,,Marrone,Donna
425,25P_E513590D,Sandali,Sandali Donna in Suede,159.5,,Beige,Donna
426,25P_E513590D,Sandali,Sandali Donna in Suede,159.5,,Nero,Donna
427,25P_E513271D,Sandali,Sandali Donna in Pelle,129.5,,Nero,Donna
428,25P_E513271D,Sandali,Sandali Donna in Pelle,129.5,,Rosa,Donna
429,25P_E513271D,Sandali,Sandali Donna in Pelle,129.5,,Bianco,Donna
430,25P_E513600D,Sandali,Sandali Donna in Tessuto e Pelle,159.5,,Blu,Donna
431,25P_E513600D,Sandali,Sandali Donna in Tessuto e Pelle,159.5,,Blue,Donna
432,25P_E513272D,Sandali,Sandali Donna in Pelle,129.5,,Nero,Donna
433,25P_E513272D,Sandali,Sandali Donna in Pelle,129.5,,Rosa,Donna
434,25P_E513272D,Sandali,Sandali Donna in Pelle,129.5,,Bianco,Donna
435,25P_E513604D,Sandali,Sandali Donna in Pelle,149.5,,Bianco,Donna
436,25P_E513604D,Sandali,Sandali Donna in Pelle,149.5,,Nero,Donna
437,25P_E513605D,Sandali,Sandali Donna in Pelle,149.5,,,Donna
438,25P_E513620D,Sandali,Sandali Donna in Pelle,149.5,,,Donna
439,25P_E513300D,Ciabatte,Ciabatte Donna in Pelle,125.0,,,Donna
440,25P_E513621D,Sandali,Sandali Donna in Suede,149.5,,Marrone,Donna
441,25P_E513621D,Sandali,Sandali Donna in Suede,149.5,,Beige,Donna
442,25P_E513301D,Ciabatte,Ciabatte Donna in Pelle,125.0,,,Donna
443,25P_E513630D,Sandali,Sandali Donna in Suede,149.5,,Beige,Donna
444,25P_E513630D,Sandali,Sandali Donna in Suede,149.5,,Verde,Donna
445,25P_E513631D,Sandali,Sandali Donna in Pelle,149.5,,,Donna
446,25P_E513645D,Sandali,Sandali Donna in Pelle,139.5,,Nero,Donna
447,25P_E513645D,Sandali,Sandali Donna in Pelle,139.5,,Beige,Donna
448,25P_E513304D,Sandali,Sandali Donna in Pelle,129.5,,,Donna
449,25P_E513646D,Sandali,Sandali Donna in Suede,139.5,,Marrone,Donna
450,25P_E513646D,Sandali,Sandali Donna in Suede,139.5,,Avio,Donna
451,25P_E513646D,Sandali,Sandali Donna in Suede,139.5,,Rosso,Donna
452,25P_E513305D,Sandali,Sandali Donna in Vernice,129.5,,Rosa,Donna
453,25P_E513305D,Sandali,Sandali Donna in Vernice,129.5,,Rosso,Donna
454,25P_E513305D,Sandali,Sandali Donna in Vernice,129.5,,Avorio,Donna
455,25P_E513663D,Sandali,Sandali Donna in Materiale Tecnico,129.5,,,Donna
456,25P_E513664D,Sandali,Sandali Donna in Pelle e Materiale Tecnico,129.5,,Beige,Donna
457,25P_E513664D,Sandali,Sandali Donna in Pelle e Materiale Tecnico,129.5,,Bianco,Donna
458,25P_E513691D,Sandali,Sandali Donna in Tessuto e Pelle,149.5,,,Donna
459,25P_E513694D,Sandali,Sandali Donna in Pelle e Materiale Tecnico,129.5,,Oro,Donna
460,25P_E513694D,Sandali,Sandali Donna in Pelle e Materiale Tecnico,129.5,,Argento,Donna
461,25P_E513696D,Sandali,Sandali Donna in Pelle,129.5,,,Donna
462,25P_E513697D,Sandali,Sandali Donna in Pelle,129.5,,Platino,Donna
463,25P_E513697D,Sandali,Sandali Donna in Pelle,129.5,,Oro,Donna
464,25P_E513697D,Sandali,Sandali Donna in Pelle,129.5,,Argento,Donna
465,25P_E513703D,Sandali,Sandali Donna in Pelle,119.5,,Platino,Donna
466,25P_E513703D,Sandali,Sandali Donna in Pelle,119.5,,Oro,Donna
467,25P_E513704D,Sandali,Sandali Donna in Pelle,119.5,,,Donna
468,25P_E513390D,Sandali,Sandali Donna in Pelle,129.5,,Nero,Donna
469,25P_E513390D,Sandali,Sandali Donna in Pelle,129.5,,Beige,Donna
470,25P_E513390D,Sandali,Sandali Donna in Pelle,129.5,,Bianco,Donna
471,25P_E513721D,Sandali,Sandali Donna in Tessuto e Pelle,139.5,,,Donna
472,25P_E513722D,Sandali,Sandali Donna in Pelle e Materiale Tecnico,139.5,,,Donna
473,25P_E513723D,Sandali,Sandali Donna in Pelle e Materiale Tecnico,139.5,,,Donna
474,25P_E513405D,Sandali,Sandali Donna in Pelle,119.5,,Nero,Donna
475,25P_E513405D,Sandali,Sandali Donna in Pelle,119.5,,Marrone,Donna
476,25P_E513405D,Sandali,Sandali Donna in Pelle,119.5,,Bianco,Donna
477,25P_E513418D,Sandali,Sandali Donna in Pelle e Materiale Tecnico,125.0,,Marrone,Donna
478,25P_E513418D,Sandali,Sandali Donna in Pelle e Materiale Tecnico,125.0,,Rosa,Donna
479,25P_E513423D,Ciabatte,Ciabatte Donna in Materiale Tecnico e Pelle,99.5,,Avorio,Donna
480,25P_E513423D,Ciabatte,Ciabatte Donna in Materiale Tecnico e Pelle,99.5,,Beige,Donna
481,25P_E513423D,Ciabatte,Ciabatte Donna in Materiale Tecnico e Pelle,99.5,,Bianco,Donna
482,25P_E513424D,Ciabatte,Ciabatte Donna in Materiale Tecnico,99.5,,,Donna
483,25P_E513426D,Sandali,Sandali Donna in Pelle e Materiale Tecnico,125.0,,Avorio,Donna
484,25P_E513426D,Sandali,Sandali Donna in Pelle e Materiale Tecnico,125.0,,Bianco,Donna
485,25P_E513427D,Sandali,Sandali Donna in Pelle e Materiale Tecnico,125.0,,,Donna
486,25P_E513428D,Sandali,Sandali Donna in Pelle e Materiale Tecnico,125.0,,,Donna
487,25P_E513430D,Sandali,Sandali Donna in Pelle,119.5,,Nero,Donna
488,25P_E513430D,Sandali,Sandali Donna in Pelle,119.5,,Bianco,Donna
489,25P_E513431D,Sandali,Sandali Donna in Pelle,115.0,,,Donna
490,25P_E513436D,Sandali,Sandali Donna in Pelle e Materiale Tecnico,129.5,,Marrone,Donna
491,25P_E513436D,Sandali,Sandali Donna in Pelle e Materiale Tecnico,129.5,,Avorio,Donna
492,25P_E513441D,Sandali,Sandali Donna in Pelle e Materiale Tecnico,125.0,,,Donna
493,25P_E513452D,Sandali,Sandali Donna in Pelle,129.5,,,Donna
494,25P_E513453D,Sandali,Sandali Donna in Pelle,129.5,,,Donna
495,25P_E513512D,Sandali,Sandali Donna in Pelle e Materiale Tecnico,119.5,,Rosa,Donna
496,25P_E513512D,Sandali,Sandali Donna in Pelle e Materiale Tecnico,119.5,,Beige,Donna
497,25P_E513514D,Ciabatte,Ciabatte Donna in Pelle,109.5,,Nero,Donna
498,25P_E513514D,Ciabatte,Ciabatte Donna in Pelle,109.5,,Beige,Donna
499,25P_E513602D,Sandali,Sandali Donna in Pelle e Materiale Tecnico,159.5,,Oro,Donna
500,25P_E513602D,Sandali,Sandali Donna in Pelle e Materiale Tecnico,159.5,,Argento,Donna
501,25P_E513640D,Sandali,Sandali Donna in Pelle,149.5,,Nero,Donna
502,25P_E513640D,Sandali,Sandali Donna in Pelle,149.5,,Beige,Donna
503,25P_E513640D,Sandali,Sandali Donna in Pelle,149.5,,Bianco,Donna
504,25P_E513660D,Sandali,Sandali Donna in Pelle,119.5,,Nero,Donna
505,25P_E513660D,Sandali,Sandali Donna in Pelle,119.5,,Beige,Donna
506,25P_E513660D,Sandali,Sandali Donna in Pelle,119.5,,Bianco,Donna
507,25P_E513662D,Sandali,Sandali Donna in Materiale Tecnico,115.0,,Bianco,Donna
508,25P_E513662D,Sandali,Sandali Donna in Materiale Tecnico,115.0,,Rosa,Donna
509,25P_E513665D,Sandali,Sandali Donna in Tessuto e Pelle,129.5,,,Donna
510,25P_E513698D,Sandali,Sandali Donna in Pelle e Materiale Tecnico,129.5,,,Donna
511,25P_E513700D,Ciabatte,Ciabatte Donna in Pelle,119.5,,Nero,Donna
512,25P_E513700D,Ciabatte,Ciabatte Donna in Pelle,119.5,,Rosa,Donna
513,25P_E513702D,Sandali,Sandali Donna in Pelle,129.5,,Nero,Donna
514,25P_E513702D,Sandali,Sandali Donna in Pelle,129.5,,Beige,Donna
515,25P_E513702D,Sandali,Sandali Donna in Pelle,129.5,,Rosa,Donna
516,25P_E513720D,Sandali,Sandali Donna in Pelle e Materiale Tecnico,139.5,,,Donna
517,25P_E518210D,Sabot,Sabot Donna in Pelle,129.5,,,Donna
518,25P_E518212D,Mocassini,Mocassini Donna in Pelle,135.0,,,Donna
519,25P_I013470DE,Décolleté,Décolleté Donna in Pelle,145.0,,,Donna
520,25P_I013500DE,Décolleté,Décolleté Donna in Pelle,145.0,,,Donna
521,25P_I205510DE,Décolleté,Décolleté Donna in Vernice,145.0,,,Donna
522,25P_E302811U,Sneakers,Sneakers Uomo in Camoscio e Pelle,159.5,,Grigio,Uomo
523,25P_E302811U,Sneakers,Sneakers Uomo in Camoscio e Pelle,159.5,,Blue,Uomo
524,25P_E302811U,Sneakers,Sneakers Uomo in Camoscio e Pelle,159.5,,Blu,Uomo
525,25P_E400120UE,Stringate,Stringate Uomo in Vernice,149.5,,,Uomo
526,25P_E400121UE,Stringate,Stringate Uomo in Vernice,149.5,,,Uomo
527,25P_E400131UE,Stringate,Stringate Uomo in Pelle,149.5,,,Uomo
528,25P_E400140UE,Stringate,Stringate Uomo in Pelle,149.5,,,Uomo
529,25P_E400141UE,Stringate,Stringate Uomo in Pelle,149.5,,Nero,Uomo
530,25P_E400141UE,Stringate,Stringate Uomo in Pelle,149.5,,Blue,Uomo
531,25P_E400141UE,Stringate,Stringate Uomo in Pelle,149.5,,Blu,Uomo
532,25P_E400142UE,Doppia fibbia,Doppia Fibbia Uomo in Pelle,149.5,,,Uomo
533,25P_E400162U,Mocassini,Mocassini Uomo in Pelle,139.5,,Nero,Uomo
534,25P_E400162U,Mocassini,Mocassini Uomo in Pelle,139.5,,Blue,Uomo
535,25P_E400162U,Mocassini,Mocassini Uomo in Pelle,139.5,,Blu,Uomo
536,25P_E400162U,Mocassini,Mocassini Uomo in Pelle,139.5,,T. Di Moro,Uomo
537,25P_E400230U,Sneakers,Sneakers Uomo in Pelle e Camoscio,159.5,,Avio,Uomo
538,25P_E400230U,Sneakers,Sneakers Uomo in Pelle e Camoscio,159.5,,Marrone,Uomo
539,25P_E400240U,Sneakers,Sneakers Uomo in Pelle,129.5,,Blu,Uomo
540,25P_E400240U,Sneakers,Sneakers Uomo in Pelle,129.5,,Bianco,Uomo
541,25P_E400241U,Sneakers,Sneakers Uomo in Pelle e Camoscio,139.5,,Blu,Uomo
542,25P_E400241U,Sneakers,Sneakers Uomo in Pelle e Camoscio,139.5,,Bianco,Uomo
543,25P_E500121UE,Stringate,Stringate Uomo in Vernice,149.5,,,Uomo
544,25P_E500550UE,Mocassini,Mocassini Uomo in Vernice,149.5,,,Uomo
545,25P_E500560UE,Stringate,Stringate Uomo in Pelle,149.5,,,Uomo
546,25P_E500570UE,Mocassini,Mocassini Uomo in Pelle,149.5,,,Uomo
547,25P_E500571UE,Mocassini,Mocassini Uomo in Pelle,149.5,,Blu,Uomo
548,25P_E500571UE,Mocassini,Mocassini Uomo in Pelle,149.5,,Marrone,Uomo
549,25P_E500572UE,Stringate,Stringate Uomo in Pelle,149.5,,,Uomo
550,25P_E500573UE,Stringate,Stringate Uomo in Pelle,149.5,,Blu,Uomo
551,25P_E500573UE,Stringate,Stringate Uomo in Pelle,149.5,,Marrone,Uomo
552,25P_E500590U,Mocassini,Mocassini Uomo in Camoscio,139.5,,Blu,Uomo
553,25P_E500590U,Mocassini,Mocassini Uomo in Camoscio,139.5,,T. Di Moro,Uomo
554,25P_E500590U,Mocassini,Mocassini Uomo in Camoscio,139.5,,Beige,Uomo
555,25P_E500592U,Mocassini,Mocassini Uomo in Camoscio,149.5,,Avio,Uomo
556,25P_E500592U,Mocassini,Mocassini Uomo in Camoscio,149.5,,Blue,Uomo
557,25P_E500592U,Mocassini,Mocassini Uomo in Camoscio,149.5,,Blu,Uomo
558,25P_E500592U,Mocassini,Mocassini Uomo in Camoscio,149.5,,T. Di Moro,Uomo
559,25P_E500592U,Mocassini,Mocassini Uomo in Camoscio,149.5,,Marrone,Uomo
560,25P_E500592U,Mocassini,Mocassini Uomo in Camoscio,149.5,,Beige,Uomo
561,25P_E500600U,Mocassini,Mocassini Uomo in Pelle,149.5,,Nero,Uomo
562,25P_E500600U,Mocassini,Mocassini Uomo in Pelle,149.5,,Blue,Uomo
563,25P_E500600U,Mocassini,Mocassini Uomo in Pelle,149.5,,Blu,Uomo
564,25P_E500601U,Stringate,Stringate Uomo in Pelle,149.5,,Nero,Uomo
565,25P_E500601U,Stringate,Stringate Uomo in Pelle,149.5,,Blue,Uomo
566,25P_E500601U,Stringate,Stringate Uomo in Pelle,149.5,,Blu,Uomo
567,25P_E500610U,Mocassini,Mocassini Uomo in Camoscio,139.5,,Blu,Uomo
568,25P_E500610U,Mocassini,Mocassini Uomo in Camoscio,139.5,,T. Di Moro,Uomo
569,25P_E500610U,Mocassini,Mocassini Uomo in Camoscio,139.5,,Marrone,Uomo
570,25P_E500610U,Mocassini,Mocassini Uomo in Camoscio,139.5,,Blue,Uomo
571,25P_E500611U,Stringate,Stringate Uomo in Camoscio,139.5,,Blu,Uomo
572,25P_E500611U,Stringate,Stringate Uomo in Camoscio,139.5,,T. Di Moro,Uomo
573,25P_E500611U,Stringate,Stringate Uomo in Camoscio,139.5,,Marrone,Uomo
574,25P_E500612U,Stringate,Stringate Uomo in Pelle,149.5,,Blu,Uomo
575,25P_E500612U,Stringate,Stringate Uomo in Pelle,149.5,,T. Di Moro,Uomo
576,25P_E500613U,Stringate,Stringate Uomo in Camoscio,139.5,,Blu,Uomo
577,25P_E500613U,Stringate,Stringate Uomo in Camoscio,139.5,,Marrone,Uomo
578,25P_E500614U,Stringate,Stringate Uomo in Camoscio,139.5,,Blu,Uomo
579,25P_E500614U,Stringate,Stringate Uomo in Camoscio,139.5,,T. Di Moro,Uomo
580,25P_E500614U,Stringate,Stringate Uomo in Camoscio,139.5,,Marrone,Uomo
581,25P_E500620U,Mocassini,Mocassini Uomo in Camoscio,149.5,,Blu,Uomo
582,25P_E500620U,Mocassini,Mocassini Uomo in Camoscio,149.5,,Marrone,Uomo
583,25P_E500620U,Mocassini,Mocassini Uomo in Camoscio,149.5,,Blue,Uomo
584,25P_E500621U,Barca,Barca Uomo in Camoscio,165.0,,Blu,Uomo
585,25P_E500621U,Barca,Barca Uomo in Camoscio,165.0,,Marrone,Uomo
586,25P_E500622U,Barca,Barca Uomo in Camoscio,169.5,,,Uomo
587,25P_E500630U,Sneakers,Sneakers Uomo in Pelle,159.5,,Nero,Uomo
588,25P_E500630U,Sneakers,Sneakers Uomo in Pelle,159.5,,Blue,Uomo
589,25P_E500630U,Sneakers,Sneakers Uomo in Pelle,159.5,,Blu,Uomo
590,25P_E500631U,Sneakers,Sneakers Uomo in Camoscio e Tela,159.5,,Grigio,Uomo
591,25P_E500631U,Sneakers,Sneakers Uomo in Camoscio e Tela,159.5,,Blue,Uomo
592,25P_E500631U,Sneakers,Sneakers Uomo in Camoscio e Tela,159.5,,Blu,Uomo
593,25P_E500640U,Sneakers,Sneakers Uomo in Pelle,159.5,,Blu,Uomo
594,25P_E500640U,Sneakers,Sneakers Uomo in Pelle,159.5,,Marrone,Uomo
595,25P_E500640U,Sneakers,Sneakers Uomo in Pelle,159.5,,Blue,Uomo
596,25P_E500641U,Sneakers,Sneakers Uomo in Pelle,159.5,,,Uomo
597,25P_E500642U,Sneakers,"Sneakers Uomo in Pelle, Camoscio e Tela",159.5,,Grigio,Uomo
598,25P_E500642U,Sneakers,"Sneakers Uomo in Pelle, Camoscio e Tela",159.5,,Blue,Uomo
599,25P_E500642U,Sneakers,"Sneakers Uomo in Pelle, Camoscio e Tela",159.5,,Blu,Uomo
600,25P_E500642U,Sneakers,"Sneakers Uomo in Pelle, Camoscio e Tela",159.5,,Marrone,Uomo
601,25P_E500650U,Sneakers,Sneakers Uomo in Pelle e Camoscio,145.0,,Blu,Uomo
602,25P_E500650U,Sneakers,Sneakers Uomo in Pelle e Camoscio,145.0,,Bianco,Uomo
603,25P_E500651U,Sneakers,Sneakers Uomo in Pelle e Camoscio,139.5,,Blu,Uomo
604,25P_E500651U,Sneakers,Sneakers Uomo in Pelle e Camoscio,139.5,,Beige,Uomo
605,25P_E500660U,Sneakers,Sneakers Uomo in Pelle,159.5,,,Uomo
606,25P_E500661U,Sneakers,Sneakers Uomo in Pelle,159.5,,,Uomo
607,25P_E500662U,Sneakers,Sneakers Uomo in Pelle e Camoscio,149.5,,Blu,Uomo
608,25P_E500662U,Sneakers,Sneakers Uomo in Pelle e Camoscio,149.5,,Beige,Uomo
609,25P_E500663U,Sneakers,Sneakers Uomo in Pelle,159.5,,,Uomo
610,25P_E500670U,Sneakers,"Sneakers Uomo in Camoscio, Pelle e Tela",149.5,,,Uomo
611,25P_E500671U,Sneakers,"Sneakers Uomo in Camoscio, Pelle e Tela",149.5,,,Uomo
612,25P_E500672U,Sneakers,"Sneakers Uomo in Pelle, Camoscio e Tela",149.5,,,Uomo
613,25P_E500673U,Sneakers,Sneakers Uomo in Pelle e Camoscio,159.5,,Blu,Uomo
614,25P_E500673U,Sneakers,Sneakers Uomo in Pelle e Camoscio,159.5,,T. Di Moro,Uomo
615,25P_E500673U,Sneakers,Sneakers Uomo in Pelle e Camoscio,159.5,,Marrone,Uomo
616,25P_E500685U,Sneakers,Sneakers Uomo in Camoscio,149.5,,Avio,Uomo
617,25P_E500685U,Sneakers,Sneakers Uomo in Camoscio,149.5,,Blue,Uomo
618,25P_E500685U,Sneakers,Sneakers Uomo in Camoscio,149.5,,Blu,Uomo
619,25P_E500685U,Sneakers,Sneakers Uomo in Camoscio,149.5,,Marrone,Uomo
620,25P_E500685U,Sneakers,Sneakers Uomo in Camoscio,149.5,,Beige,Uomo
621,25P_E500686U,Sneakers,Sneakers Uomo in Pelle,149.5,,,Uomo
622,25P_E500690U,Sneakers,Sneakers Uomo in Pelle,149.5,,,Uomo
623,25P_E500691U,Sneakers,Sneakers Uomo in Pelle,149.5,,Blu,Uomo
624,25P_E500691U,Sneakers,Sneakers Uomo in Pelle,149.5,,Blue,Uomo
625,25P_E500692U,Sneakers,Sneakers Uomo in Pelle e Camoscio,149.5,,Blue,Uomo
626,25P_E500692U,Sneakers,Sneakers Uomo in Pelle e Camoscio,149.5,,Beige,Uomo
627,25P_E500693U,Sneakers,Sneakers Uomo in Pelle,149.5,,,Uomo
628,25P_E500694U,Sneakers,Sneakers Uomo in Camoscio e Pelle,149.5,,Avio,Uomo
629,25P_E500694U,Sneakers,Sneakers Uomo in Camoscio e Pelle,149.5,,Marrone,Uomo
630,25P_E500694U,Sneakers,Sneakers Uomo in Camoscio e Pelle,149.5,,Verde,Uomo
631,25P_E500695U,Sneakers,Sneakers Uomo in Pelle e Camoscio,149.5,,,Uomo
632,25P_E500700U,Sneakers,Sneakers Uomo in Pelle,159.5,,Blu,Uomo
633,25P_E500700U,Sneakers,Sneakers Uomo in Pelle,159.5,,Marrone,Uomo
634,25P_E500700U,Sneakers,Sneakers Uomo in Pelle,159.5,,T. Di Moro,Uomo
635,25P_E500700U,Sneakers,Sneakers Uomo in Pelle,159.5,,Blue,Uomo
636,25P_E500701U,Sneakers,Sneakers Uomo in Pelle,159.5,,,Uomo
637,25P_E500720U,Sneakers,Sneakers Uomo in Pelle,149.5,,,Uomo
638,25P_E500721U,Sneakers,Sneakers Uomo in Pelle,149.5,,,Uomo
639,25P_E500722U,Sneakers,Sneakers Uomo in Pelle,149.5,,,Uomo
640,25P_E500723U,Sneakers,Sneakers Uomo in Camoscio e Pelle,149.5,,Blu,Uomo
641,25P_E500723U,Sneakers,Sneakers Uomo in Camoscio e Pelle,149.5,,Marrone,Uomo
642,24A_I411450D,Stringate,Stringate Donna in Pelle,,90.5,,Donna
643,24A_I411418D,Stringate,Stringate Donna in Pelle,,94.5,,Donna
644,24A_I411451D,Stivaletti chelsea,Stivaletti Chelsea Donna in Pelle,,94.5,,Donna
645,24A_I205020D,Francesine,Francesine Donna in Pelle,,97.5,,Donna
646,24A_I308002D,Stringate,Stringate Donna in Vernice,,97.5,Nero,Donna
647,24A_I308002D,Stringate,Stringate Donna in Vernice,,97.5,Beige,Donna
648,24A_I411260D,Mocassini,Mocassini Donna in Pelle,,97.5,Nero,Donna
649,24A_I411260D,Mocassini,Mocassini Donna in Pelle,,97.5,Marrone,Donna
650,24A_I411261D,Stivaletti chelsea,Stivaletti Chelsea Donna in Pelle,,97.5,,Donna
651,24A_I411262D,Stivaletti,Stivaletti Donna in Pelle,,97.5,Nero,Donna
652,24A_I411262D,Stivaletti,Stivaletti Donna in Pelle,,97.5,Marrone,Donna
653,24A_I411290D,Mocassini,Mocassini Donna in Pelle,,97.5,Nero,Donna
654,24A_I411290D,Mocassini,Mocassini Donna in Pelle,,97.5,Marrone,Donna
655,24A_I411380D,Mocassini,Mocassini Donna in Pelle,,97.5,Nero,Donna
656,24A_I411380D,Mocassini,Mocassini Donna in Pelle,,97.5,Marrone,Donna
657,24A_I411394D,Stringate,Stringate Donna in Pelle,,97.5,,Donna
658,24A_I411395D,Stringate,Stringate Donna in Camoscio,,97.5,Marrone,Donna
659,24A_I411395D,Stringate,Stringate Donna in Camoscio,,97.5,Beige,Donna
660,24A_I411400D,Mocassini,Mocassini Donna in Pelle,,97.5,Nero,Donna
661,24A_I411400D,Mocassini,Mocassini Donna in Pelle,,97.5,Marrone,Donna
662,24A_I411400D,Mocassini,Mocassini Donna in Pelle,,97.5,Avorio,Donna
663,24A_I411411D,Stringate,Stringate Donna in Pelle,,97.5,Nero,Donna
664,24A_I411411D,Stringate,Stringate Donna in Pelle,,97.5,Marrone,Donna
665,24A_I411413D,Stringate,Stringate Donna in Vernice,,97.5,,Donna
666,24A_I411415D,Mary jane,Mary Jane Donna in Pelle,,97.5,,Donna
667,24A_I411434D,Mocassini,Mocassini Donna in Camoscio,,97.5,Marrone,Donna
668,24A_I411434D,Mocassini,Mocassini Donna in Camoscio,,97.5,Beige,Donna
669,24A_I411510D,Sneakers,Sneakers Donna in Pelle e Materiale Tecnico,,97.5,Nero,Donna
670,24A_I411510D,Sneakers,Sneakers Donna in Pelle e Materiale Tecnico,,97.5,Avorio,Donna
671,24A_I411511D,Sneakers,Sneakers Donna in Pelle e Materiale Tecnico,,97.5,,Donna
672,24A_I411580D,Sneakers,Sneakers Donna in Pelle,,97.5,,Donna
673,24A_I411581D,Sneakers,Sneakers Donna in Pelle e Materiale Tecnico,,97.5,,Donna
674,24A_I411592D,Sneakers,"Sneakers Donna in Pelle, Camoscio e Materiale Tecnico",,97.5,Nero,Donna
675,24A_I411592D,Sneakers,"Sneakers Donna in Pelle, Camoscio e Materiale Tecnico",,97.5,Avorio,Donna
676,24A_I411620D,Sneakers,Sneakers Donna in Camoscio e Materiale Tecnico,,97.5,Grigio,Donna
677,24A_I411620D,Sneakers,Sneakers Donna in Camoscio e Materiale Tecnico,,97.5,Marrone,Donna
678,24A_I411620D,Sneakers,Sneakers Donna in Camoscio e Materiale Tecnico,,97.5,Beige,Donna
679,24A_I411630D,Sneakers,"Sneakers Donna in Camoscio, Pelle e Materiale Tecnico",,97.5,,Donna
680,24A_I411631D,Sneakers,"Sneakers Donna in Camoscio, Pelle e Materiale Tecnico",,97.5,,Donna
681,24A_I411452D,Stivaletti chelsea,Stivaletti Chelsea Donna in Pelle,,97.5,Nero,Donna
682,24A_I411452D,Stivaletti chelsea,Stivaletti Chelsea Donna in Pelle,,97.5,Marrone,Donna
683,24A_E407081DE,Décolleté,Décolleté Donna in Pelle,,101.5,,Donna
684,24A_E413500DE,Décolleté,Décolleté Donna in Pelle,,101.5,,Donna
685,24A_I308001D,Mocassini,Mocassini Donna in Vernice,,101.5,Nero,Donna
686,24A_I308001D,Mocassini,Mocassini Donna in Vernice,,101.5,Beige,Donna
687,24A_I407081DE,Décolleté,Décolleté Donna in Pelle,,101.5,,Donna
688,24A_I410840DE,Décolleté,Décolleté Donna in Pelle,,101.5,Nero,Donna
689,24A_I410840DE,Décolleté,Décolleté Donna in Pelle,,101.5,Beige,Donna
690,24A_I410840DE,Décolleté,Décolleté Donna in Pelle,,101.5,Marrone,Donna
691,24A_I410870DE,Décolleté,Décolleté Donna in Vernice,,101.5,Nero,Donna
692,24A_I410870DE,Décolleté,Décolleté Donna in Vernice,,101.5,Grigio,Donna
693,24A_I411200D,Tronchetti,Tronchetti Donna in Pelle,,101.5,Nero,Donna
694,24A_I411200D,Tronchetti,Tronchetti Donna in Pelle,,101.5,Marrone,Donna
695,24A_I411390D,Mocassini,Mocassini Donna in Camoscio,,101.5,Blue,Donna
696,24A_I411390D,Mocassini,Mocassini Donna in Camoscio,,101.5,Marrone,Donna
697,24A_I411390D,Mocassini,Mocassini Donna in Camoscio,,101.5,Beige,Donna
698,24A_I411390D,Mocassini,Mocassini Donna in Camoscio,,101.5,Verde,Donna
699,24A_I411550D,Mocassini,Mocassini Donna in Pelle,,101.5,,Donna
700,24A_I411551D,Mocassini,Mocassini Donna in Pelle,,101.5,Blue,Donna
701,24A_I411551D,Mocassini,Mocassini Donna in Pelle,,101.5,Marrone,Donna
702,24A_I411610D,Sneakers,Sneakers Donna in Pelle e Materiale Tecnico,,101.5,,Donna
703,24A_I411611D,Sneakers,"Sneakers Donna in Pelle, Camoscio e Materiale Tecnico",,101.5,,Donna
704,24A_I013270D,Stivaletti,Stivaletti Donna in Camoscio,,104.5,,Donna
705,24A_I013273D,Stivaletti,Stivaletti Donna in Pelle,,104.5,,Donna
706,24A_I117100D,Stivaletti chelsea,Stivaletti Chelsea Donna in Pelle,,104.5,,Donna
707,24A_I308180D,Mocassini,Mocassini Donna in Pelle,,104.5,Nero,Donna
708,24A_I308180D,Mocassini,Mocassini Donna in Pelle,,104.5,T. Di Moro,Donna
709,24A_I308420D,Sneakers,Sneakers Donna in Pelle e Materiale Tecnico,,104.5,,Donna
710,24A_I308631DE,Décolleté,Décolleté Donna in Pelle,,104.5,,Donna
711,24A_I408631DE,Décolleté,Décolleté Donna in Pelle,,104.5,,Donna
712,24A_I410800DE,Décolleté,Décolleté Donna in Pelle,,104.5,Nero,Donna
713,24A_I410800DE,Décolleté,Décolleté Donna in Pelle,,104.5,Blue,Donna
714,24A_I410800DE,Décolleté,Décolleté Donna in Pelle,,104.5,Beige,Donna
715,24A_I410810DE,Décolleté,Décolleté Donna in Pelle,,104.5,,Donna
716,24A_I410850DE,Décolleté,Décolleté Donna in Materiale Tecnico e Pelle,,104.5,,Donna
717,24A_I410852DE,Décolleté,Décolleté Donna in Materiale Tecnico e Pelle,,104.5,,Donna
718,24A_I410900D,Décolleté,Décolleté Donna in Pelle,,104.5,Nero,Donna
719,24A_I410900D,Décolleté,Décolleté Donna in Pelle,,104.5,Beige,Donna
720,24A_I410901D,Décolleté,Décolleté Donna in Vernice,,104.5,,Donna
721,24A_I410940D,Mocassini,Mocassini Donna in Camoscio,,104.5,Rosso,Donna
722,24A_I410940D,Mocassini,Mocassini Donna in Camoscio,,104.5,Marrone,Donna
723,24A_I411210D,Tronchetti,Tronchetti Donna in Pelle,,104.5,Nero,Donna
724,24A_I411210D,Tronchetti,Tronchetti Donna in Pelle,,104.5,Marrone,Donna
725,24A_I411230D,Tronchetti,Tronchetti Donna in Pelle,,104.5,Nero,Donna
726,24A_I411230D,Tronchetti,Tronchetti Donna in Pelle,,104.5,Marrone,Donna
727,24A_I411270D,Tronchetti,Tronchetti Donna in Pelle,,104.5,Nero,Donna
728,24A_I411270D,Tronchetti,Tronchetti Donna in Pelle,,104.5,Marrone,Donna
729,24A_I411292D,Stivaletti,Stivaletti Donna in Pelle,,104.5,Nero,Donna
730,24A_I411292D,Stivaletti,Stivaletti Donna in Pelle,,104.5,Marrone,Donna
731,24A_I411303D,Tronchetti,Tronchetti Donna in Pelle,,104.5,Nero,Donna
732,24A_I411303D,Tronchetti,Tronchetti Donna in Pelle,,104.5,Marrone,Donna
733,24A_I411410D,Mocassini,Mocassini Donna in Pelle,,104.5,Nero,Donna
734,24A_I411410D,Mocassini,Mocassini Donna in Pelle,,104.5,Marrone,Donna
735,24A_I411412D,Mocassini,Mocassini Donna in Vernice,,104.5,,Donna
736,24A_I411414D,Mocassini,Mocassini Donna in Pelle,,104.5,,Donna
737,24A_I411416D,Mocassini,Mocassini Donna in Pelle,,104.5,Marrone,Donna
738,24A_I411416D,Mocassini,Mocassini Donna in Pelle,,104.5,Oro,Donna
739,24A_I411417D,Mocassini,Mocassini Donna in Pelle e Tessuto,,104.5,,Donna
740,24A_I411432D,Mocassini,Mocassini Donna in Pelle,,104.5,Nero,Donna
741,24A_I411432D,Mocassini,Mocassini Donna in Pelle,,104.5,Marrone,Donna
742,24A_I411520D,Sneakers,"Sneakers Donna in Camoscio, Pelle e Materiale Tecnico",,104.5,,Donna
743,24A_I411521D,Sneakers,Sneakers Donna in Pelle e Camoscio,,104.5,,Donna
744,24A_I411522D,Sneakers,"Sneakers Donna in Camoscio, Pelle e Materiale Tecnico",,104.5,,Donna
745,24A_I411523D,Sneakers,"Sneakers Donna in Camoscio, Pelle e Materiale Tecnico",,104.5,,Donna
746,24A_I411524D,Sneakers,"Sneakers Donna in Camoscio, Pelle e Materiale Tecnico",,104.5,,Donna
747,24A_I411525D,Sneakers,"Sneakers Donna in Vernice, Camoscio e Materiale Tecnico",,104.5,,Donna
748,24A_I411527D,Sneakers,"Sneakers Donna in Camoscio, Pelle e Materiale Tecnico",,104.5,,Donna
749,24A_I411530D,Sneakers,"Sneakers Donna in Camoscio, Pelle e Materiale Tecnico",,104.5,,Donna
750,24A_I411531D,Sneakers,"Sneakers Donna in Camoscio, Pelle e Materiale Tecnico",,104.5,,Donna
751,24A_I411532D,Sneakers,"Sneakers Donna in Camoscio, Pelle e Materiale Tecnico",,104.5,,Donna
752,24A_I411542D,Sneakers,"Sneakers Donna in Camoscio, Pelle e Materiale Tecnico",,104.5,,Donna
753,24A_I411543D,Sneakers,Sneakers Donna in Pelle e Materiale Tecnico,,104.5,,Donna
754,24A_I411544D,Sneakers,Sneakers Donna in Pelle e Materiale Tecnico,,104.5,,Donna
755,24A_I411545D,Sneakers,Sneakers Donna in Pelle e Materiale Tecnico,,104.5,,Donna
756,24A_I411547D,Sneakers,"Sneakers Donna in Camoscio, Pelle e Tessuto",,104.5,,Donna
757,24A_I411590D,Sneakers,Sneakers Donna in Pelle e Materiale Tecnico,,104.5,,Donna
758,24A_I411591D,Sneakers,Sneakers Donna in Pelle e Materiale Tecnico,,104.5,,Donna
759,24A_I411600D,Sneakers,Sneakers Donna in Pelle e Materiale Tecnico,,104.5,Nero,Donna
760,24A_I411600D,Sneakers,Sneakers Donna in Pelle e Materiale Tecnico,,104.5,Avorio,Donna
761,24A_I411614D,Sneakers,Sneakers Donna in Pelle e Materiale Tecnico,,104.5,Nero,Donna
762,24A_I411614D,Sneakers,Sneakers Donna in Pelle e Materiale Tecnico,,104.5,Marrone,Donna
763,24A_I411623D,Sneakers,Sneakers Donna in Pelle e Materiale Tecnico,,104.5,Argento,Donna
764,24A_I411623D,Sneakers,Sneakers Donna in Pelle e Materiale Tecnico,,104.5,Oro,Donna
765,24A_I411633D,Sneakers,"Sneakers Alta Donna in Camoscio, Pelle e Materiale Tecnico",,104.5,,Donna
766,24A_I411634D,Sneakers,"Sneakers Alta Donna in Camoscio, Pelle e Materiale Tecnico",,104.5,,Donna
767,24A_I411640D,Sneakers,"Sneakers Donna in Camoscio, Vernice e Pelle",,104.5,,Donna
768,24A_I411641D,Sneakers,Sneakers Donna in Camoscio e Pelle,,104.5,,Donna
769,24A_I411642D,Sneakers,Sneakers Donna in Pelle e Materiale Tecnico,,104.5,,Donna
770,24A_I411644D,Sneakers,"Sneakers Donna in Vernice, Pelle e Tessuto",,104.5,,Donna
771,24A_I411645D,Sneakers,"Sneakers Donna in Camoscio, Pelle e Materiale Tecnico",,104.5,,Donna
772,24A_I411646D,Sneakers,"Sneakers Donna in Camoscio, Pelle e Materiale Tecnico",,104.5,,Donna
773,24A_I411647D,Sneakers,"Sneakers Donna in Pelle, Camoscio e Materiale Tecnico",,104.5,,Donna
774,24A_I411792D,Tronchetti,Tronchetti Donna in Pelle,,104.5,,Donna
775,24A_I411850D,Stivaletti chelsea,Stivaletti Chelsea Donna in Pelle,,104.5,,Donna
776,24A_I411851D,Tronchetti,Tronchetti Donna in Pelle,,104.5,,Donna
777,24A_I411870D,Stivaletti chelsea,Stivaletti Chelsea Donna in Pelle,,104.5,,Donna
778,24A_I411922D,Stivaletti,Stivaletti Donna in Pelle,,104.5,,Donna
779,24A_I411923D,Stivaletti,Stivaletti Donna in Camoscio,,104.5,,Donna
780,24A_I411924D,Stivaletti chelsea,Stivaletti Chelsea Donna in Pelle,,104.5,,Donna
781,24A_I411925D,Stivaletti chelsea,Stivaletti Chelsea Donna in Camoscio,,104.5,,Donna
782,24A_I411940D,Stivaletti chelsea,Stivaletti Chelsea Donna in Pelle,,104.5,Nero,Donna
783,24A_I411940D,Stivaletti chelsea,Stivaletti Chelsea Donna in Pelle,,104.5,Avorio,Donna
784,24A_I411941D,Stivaletti chelsea,Stivaletti Chelsea Donna in Pelle,,104.5,,Donna
785,24A_I411943D,Anfibi,Anfibi Donna in Pelle,,104.5,,Donna
786,24A_I411944D,Anfibi,Anfibi Donna in Pelle,,104.5,,Donna
787,24A_I411960D,Stivaletti chelsea,Stivaletti Chelsea Donna in Pelle,,104.5,Nero,Donna
788,24A_I411960D,Stivaletti chelsea,Stivaletti Chelsea Donna in Pelle,,104.5,Avorio,Donna
789,24A_I411961D,Stivaletti chelsea,Stivaletti Chelsea Donna in Pelle,,104.5,,Donna
790,24A_I411990D,Stivaletti chelsea,Stivaletti Chelsea Donna in Pelle,,104.5,,Donna
791,24A_I411991D,Stivaletti chelsea,Stivaletti Chelsea Donna in Pelle,,104.5,,Donna
792,24A_I411201D,Tronchetti,Tronchetti Donna in Pelle,,104.5,,Donna
793,24A_I205584DE,Décolleté,Décolleté Donna in Pelle,,108.5,,Donna
794,24A_I405584DE,Décolleté,Décolleté Donna in Pelle,,108.5,,Donna
795,24A_I411391D,Stivaletti chelsea,Stivaletti Chelsea Donna in Camoscio,,108.5,Marrone,Donna
796,24A_I411391D,Stivaletti chelsea,Stivaletti Chelsea Donna in Camoscio,,108.5,Beige,Donna
797,24A_I411392D,Stivaletti chelsea,Stivaletti Chelsea Donna in Pelle,,108.5,,Donna
798,24A_I411480D,Sneakers,Sneakers Donna in Pelle,,108.5,Nero,Donna
799,24A_I411480D,Sneakers,Sneakers Donna in Pelle,,108.5,Avorio,Donna
800,24A_I411481D,Sneakers,Sneakers Donna in Pelle e Materiale Tecnico,,108.5,,Donna
801,24A_I411612D,Sneakers,Sneakers Donna in Pelle,,111.5,Nero,Donna
802,24A_I411612D,Sneakers,Sneakers Donna in Pelle,,111.5,Bianco,Donna
803,24A_I411613D,Sneakers,Sneakers Donna in Pelle e Camoscio,,111.5,,Donna
804,24A_I205060D,Mocassini,Mocassini Donna in Pelle,,111.5,Nero,Donna
805,24A_I205060D,Mocassini,Mocassini Donna in Pelle,,111.5,Marrone,Donna
806,24A_I205062D,Tronchetti,Tronchetti Donna in Pelle,,111.5,,Donna
807,24A_I205500DE,Décolleté,Décolleté Donna in Pelle e Camoscio,,111.5,,Donna
808,24A_I309080D,Anfibi,Anfibi Donna in Pelle,,111.5,,Donna
809,24A_I309180D,Anfibi,Anfibi Donna in Vernice,,111.5,,Donna
810,24A_I309183D,Anfibi,Anfibi Donna in Pelle,,111.5,,Donna
811,24A_I309190D,Anfibi,Anfibi Donna in Pelle,,111.5,,Donna
812,24A_I409080D,Anfibi,Anfibi Donna in Pelle,,111.5,,Donna
813,24A_I409790D,Stivaletti,Stivaletti Donna in Pelle,,111.5,,Donna
814,24A_I410820DE,Décolleté,Décolleté Donna in Vernice,,111.5,Nero,Donna
815,24A_I410820DE,Décolleté,Décolleté Donna in Vernice,,111.5,Grigio,Donna
816,24A_I410880DE,Décolleté,Décolleté Donna in Vernice,,111.5,Nero,Donna
817,24A_I410880DE,Décolleté,Décolleté Donna in Vernice,,111.5,Grigio,Donna
818,24A_I410930D,Mocassini,Mocassini Donna in Pelle,,111.5,,Donna
819,24A_I410932D,Mocassini,Mocassini Donna in Pelle,,111.5,,Donna
820,24A_I410950D,Tronchetti,Tronchetti Donna in Pelle,,111.5,Blue,Donna
821,24A_I410950D,Tronchetti,Tronchetti Donna in Pelle,,111.5,Marrone,Donna
822,24A_I410952D,Tronchetti,Tronchetti Donna in Pelle,,111.5,,Donna
823,24A_I411220D,Tronchetti,Tronchetti Donna in Pelle,,111.5,Nero,Donna
824,24A_I411220D,Tronchetti,Tronchetti Donna in Pelle,,111.5,Marrone,Donna
825,24A_I411330D,Stivaletti chelsea,Stivaletti Chelsea Donna in Pelle,,111.5,,Donna
826,24A_I411331D,Stivaletti chelsea,Stivaletti Chelsea Donna in Pelle,,111.5,,Donna
827,24A_I411483D,Sneakers,Sneakers Donna in Pelle e Materiale Tecnico,,111.5,,Donna
828,24A_I411484D,Sneakers,Sneakers Donna in Pelle e Materiale Tecnico,,111.5,,Donna
829,24A_I411485D,Sneakers,Sneakers Donna in Vernice e Materiale Tecnico,,111.5,,Donna
830,24A_I411493D,Sneakers,"Sneakers Donna in Vernice, Camoscio e Materiale Tecnico",,111.5,,Donna
831,24A_I411494D,Sneakers,"Sneakers Donna in Vernice, Camoscio e Materiale Tecnico",,111.5,,Donna
832,24A_I411495D,Sneakers,"Sneakers Donna in Camoscio, Pelle e Materiale Tecnico",,111.5,,Donna
833,24A_I411496D,Sneakers,"Sneakers Donna in Camoscio, Pelle e Materiale Tecnico",,111.5,,Donna
834,24A_I411540D,Sneakers,Sneakers Donna in Pelle e Materiale Tecnico,,111.5,,Donna
835,24A_I411541D,Sneakers,"Sneakers Donna in Vernice, Pelle e Materiale Tecnico",,111.5,,Donna
836,24A_I411555D,Sneakers,Sneakers Donna in Pelle,,111.5,,Donna
837,24A_I411556D,Sneakers,Sneakers Donna in Pelle e Materiale Tecnico,,111.5,Blue,Donna
838,24A_I411556D,Sneakers,Sneakers Donna in Pelle e Materiale Tecnico,,111.5,Marrone,Donna
839,24A_I411560D,Sneakers,Sneakers Donna in Pelle e Materiale Tecnico,,111.5,Nero,Donna
840,24A_I411560D,Sneakers,Sneakers Donna in Pelle e Materiale Tecnico,,111.5,Bianco,Donna
841,24A_I411561D,Sneakers,Sneakers Donna in Pelle,,111.5,,Donna
842,24A_I411570D,Sneakers,Sneakers Donna in Pelle e Materiale Tecnico,,111.5,,Donna
843,24A_I411571D,Sneakers,Sneakers Donna in Pelle e Materiale Tecnico,,111.5,,Donna
844,24A_I411601D,Sneakers,Sneakers Alta Donna in Pelle e Materiale Tecnico,,111.5,Nero,Donna
845,24A_I411601D,Sneakers,Sneakers Alta Donna in Pelle e Materiale Tecnico,,111.5,Avorio,Donna
846,24A_I411618D,Sneakers,Sneakers Donna in Pelle e Materiale Tecnico,,111.5,,Donna
847,24A_I411621D,Sneakers,Sneakers Donna in Pelle e Materiale Tecnico,,111.5,Nero,Donna
848,24A_I411621D,Sneakers,Sneakers Donna in Pelle e Materiale Tecnico,,111.5,Avorio,Donna
849,24A_I411622D,Sneakers,Sneakers Donna in Pelle e Materiale Tecnico,,111.5,,Donna
850,24A_I411820D,Stivaletti,Stivaletti Donna in Pelle,,111.5,,Donna
851,24A_I411830D,Stivaletti chelsea,Stivaletti Chelsea Donna in Pelle,,111.5,,Donna
852,24A_I411831D,Stivaletti chelsea,Stivaletti Chelsea Donna in Pelle,,111.5,,Donna
853,24A_I411853D,Tronchetti,Tronchetti Donna in Pelle,,111.5,,Donna
854,24A_I411854D,Tronchetti,Tronchetti Donna in Pelle,,111.5,,Donna
855,24A_I411860D,Stivaletti chelsea,Stivaletti Chelsea Donna in Pelle,,111.5,,Donna
856,24A_I411861D,Stivaletti chelsea,Stivaletti Chelsea Donna in Pelle,,111.5,,Donna
857,24A_I411871D,Anfibi,Anfibi Donna in Pelle,,111.5,,Donna
858,24A_I411900D,Stivaletti chelsea,Stivaletti Chelsea Donna in Pelle,,111.5,,Donna
859,24A_I411920D,Anfibi,Anfibi Donna in Pelle,,111.5,,Donna
860,24A_I411928D,Stivaletti,Stivaletti Donna in Pelle,,111.5,,Donna
861,24A_I411948D,Stivaletti chelsea,Stivaletti Chelsea Donna in Pelle,,111.5,,Donna
862,24A_I411949D,Anfibi,Anfibi Donna in Pelle,,111.5,,Donna
863,24A_I411963D,Anfibi,Anfibi Donna in Pelle,,111.5,,Donna
864,24A_I411964D,Anfibi,Anfibi Donna in Pelle,,111.5,,Donna
865,24A_I411968D,Stivaletti chelsea,Stivaletti Chelsea Donna in Pelle,,111.5,,Donna
866,24A_I411969D,Anfibi,Anfibi Donna in Pelle,,111.5,,Donna
867,24A_I411988D,Stivaletti,Stivaletti Donna in Pelle,,111.5,,Donna
868,24A_I411992D,Stivaletti,Stivaletti Donna in Pelle,,111.5,,Donna
869,24A_I411993D,Stivaletti,Stivaletti Donna in Pelle,,111.5,,Donna
870,24A_I412000D,Stivaletti chelsea,Stivaletti Chelsea Donna in  Pelle,,111.5,,Donna
871,24A_I412001D,Stivaletti chelsea,Stivaletti Chelsea Donna in  Pelle,,111.5,Argento,Donna
872,24A_I412001D,Stivaletti chelsea,Stivaletti Chelsea Donna in  Pelle,,111.5,Oro,Donna
873,24A_I412002D,Stivaletti chelsea,Stivaletti Chelsea Donna in  Pelle,,111.5,,Donna
874,24A_I412004D,Anfibi,Anfibi Donna in Pelle,,111.5,,Donna
875,24A_I412005D,Anfibi,Anfibi Donna in Pelle,,111.5,,Donna
876,24A_I412006D,Anfibi,Anfibi Donna in Pelle,,111.5,Argento,Donna
877,24A_I412006D,Anfibi,Anfibi Donna in Pelle,,111.5,Oro,Donna
878,24A_I205990D,Stivaletti chelsea,Stivaletti Chelsea Donna in Pelle,,111.5,,Donna
879,24A_I411921D,Anfibi,Anfibi Donna in Camoscio,,111.5,Marrone,Donna
880,24A_I411921D,Anfibi,Anfibi Donna in Camoscio,,111.5,Beige,Donna
881,24A_I308280D,Stivaletti,Stivaletti Donna in Pelle,,115.5,,Donna
882,24A_I411880D,Stivaletti chelsea,Stivaletti Chelsea Donna in Pelle,,115.5,,Donna
883,24A_I411904D,Stivaletti,Stivaletti Donna in Pelle,,115.5,,Donna
884,24A_E409491D,Décolleté,Décolleté Donna in Vernice,,118.5,,Donna
885,24A_I117220DE,Tronchetti,Tronchetti Donna in Pelle,,118.5,,Donna
886,24A_I205582DE,Tronchetti,Tronchetti Donna in Pelle,,118.5,,Donna
887,24A_I308193D,Tronchetti,Tronchetti Donna in Pelle,,118.5,Nero,Donna
888,24A_I308193D,Tronchetti,Tronchetti Donna in Pelle,,118.5,Marrone,Donna
889,24A_I308282D,Stivali,Stivali Donna in Pelle,,118.5,,Donna
890,24A_I309062D,Anfibi,Anfibi Donna in Pelle,,118.5,,Donna
891,24A_I309181D,Anfibi,Anfibi Donna in Vernice,,118.5,,Donna
892,24A_I409062D,Anfibi,Anfibi Donna in Pelle,,118.5,,Donna
893,24A_I409491D,Décolleté,Décolleté Donna in Vernice,,118.5,,Donna
894,24A_I410830DE,Tronchetti,Tronchetti Donna in Pelle e Materiale Tecnico,,118.5,,Donna
895,24A_I410841DE,Tronchetti,Tronchetti Donna in Pelle,,118.5,,Donna
896,24A_I410842DE,Tronchetti,Tronchetti Donna in Pelle e Materiale Tecnico,,118.5,,Donna
897,24A_I410903D,Mocassini,Mocassini Donna in Vernice,,118.5,,Donna
898,24A_I410904D,Mocassini,Mocassini Donna in Pelle,,118.5,,Donna
899,24A_I410920D,Décolleté,Décolleté Donna in Vernice,,118.5,Nero,Donna
900,24A_I410920D,Décolleté,Décolleté Donna in Vernice,,118.5,Grigio,Donna
901,24A_I410941D,Tronchetti,Tronchetti Donna in Camoscio,,118.5,,Donna
902,24A_I410951D,Tronchetti,Tronchetti Donna in Pelle,,118.5,Blue,Donna
903,24A_I410951D,Tronchetti,Tronchetti Donna in Pelle,,118.5,Marrone,Donna
904,24A_I410953D,Tronchetti,Tronchetti Donna in Pelle,,118.5,,Donna
905,24A_I411529D,Sneakers,"Sneakers Donna in Camoscio, Pelle e Materiale Tecnico",,118.5,,Donna
906,24A_I411558D,Sneakers,Sneakers Donna in Pelle,,118.5,,Donna
907,24A_I411700D,Stivali,Stivali Donna in Pelle,,118.5,,Donna
908,24A_I411701D,Stivali,Stivali Donna in Pelle,,118.5,,Donna
909,24A_I411832D,Anfibi,Anfibi Donna in Pelle,,118.5,,Donna
910,24A_I411833D,Anfibi,Anfibi Donna in Pelle,,118.5,,Donna
911,24A_I411856D,Stivaletti chelsea,Stivaletti Chelsea Donna in Pelle,,118.5,,Donna
912,24A_I411857D,Stivaletti chelsea,Stivaletti Chelsea Donna in Pelle,,118.5,,Donna
913,24A_I411862D,Anfibi,Anfibi Donna in Pelle,,118.5,,Donna
914,24A_I411863D,Anfibi,Anfibi Donna in Pelle,,118.5,,Donna
915,24A_I411881D,Anfibi,Anfibi Donna in Pelle,,118.5,,Donna
916,24A_I411885D,Anfibi,Anfibi Donna in Pelle,,118.5,,Donna
917,24A_I411905D,Anfibi,Anfibi Donna in Pelle,,118.5,,Donna
918,24A_I411931D,Stivaletti,Stivaletti Donna in Pelle,,118.5,,Donna
919,24A_I411946D,Stivaletti chelsea,Stivaletti Chelsea Donna in Pelle,,118.5,,Donna
920,24A_I411947D,Anfibi,Anfibi Donna in Pelle,,118.5,,Donna
921,24A_I411994D,Stivaletti,Stivaletti Donna in Pelle,,118.5,,Donna
922,24A_I411995D,Stivaletti,Stivaletti Donna in Pelle,,118.5,,Donna
923,24A_I412009D,Anfibi,Anfibi Donna in Pelle,,118.5,,Donna
924,24A_I410902D,Mocassini,Mocassini Donna in Pelle,,118.5,Nero,Donna
925,24A_I410902D,Mocassini,Mocassini Donna in Pelle,,118.5,Beige,Donna
926,24A_I411834D,Stivaletti chelsea,Stivaletti Chelsea Donna in Pelle,,122.5,,Donna
927,24A_I411835D,Stivaletti chelsea,Stivaletti Chelsea Donna in Pelle,,122.5,,Donna
928,24A_I411845D,Stivaletti chelsea,Stivaletti Chelsea Donna in Pelle,,122.5,,Donna
929,24A_I411930D,Stivaletti chelsea,Stivaletti Chelsea Donna in Pelle,,122.5,,Donna
930,24A_I411932D,Anfibi,Anfibi Donna in Pelle,,122.5,,Donna
931,24A_I308812D,Stivali,Stivali Donna in Pelle e Materiale Tecnico,,125.5,,Donna
932,24A_I309220D,Stivaletti,Stivaletti Donna in Pelle,,125.5,Nero,Donna
933,24A_I309220D,Stivaletti,Stivaletti Donna in Pelle,,125.5,Marrone,Donna
934,24A_I410811DE,Tronchetti,Tronchetti Donna in Pelle,,125.5,,Donna
935,24A_I410844DE,Tronchetti,Tronchetti Donna in Pelle,,125.5,,Donna
936,24A_I410845DE,Tronchetti,Tronchetti Donna in Pelle,,125.5,,Donna
937,24A_I410931D,Tronchetti,Tronchetti Donna in Pelle,,125.5,,Donna
938,24A_I411710D,Stivali,Stivali Donna in Pelle,,125.5,,Donna
939,24A_I411711D,Stivali,Stivali Donna in Pelle,,125.5,,Donna
940,24A_I411720D,Stivali,Stivali Donna in Pelle,,125.5,,Donna
941,24A_I411721D,Stivali,Stivali Donna in Pelle,,125.5,,Donna
942,24A_I411722D,Stivali,Stivali Donna in Pelle,,125.5,,Donna
943,24A_I411864D,Stivali,Stivali Donna in Pelle e Materiale Tecnico,,125.5,,Donna
944,24A_I411873D,Stivali,Stivali Donna in Pelle,,125.5,,Donna
945,24A_I411902D,Anfibi,Anfibi Donna in Pelle,,125.5,,Donna
946,24A_I411927D,Anfibi,Anfibi Donna in Pelle,,125.5,,Donna
947,24A_I411980D,Stivaletti,Stivaletti Donna in Pelle,,125.5,,Donna
948,24A_I411981D,Stivaletti,Stivaletti Donna in Pelle,,125.5,,Donna
949,24A_I014170D,Anfibi,Anfibi Donna in Pelle,,129.5,Nero,Donna
950,24A_I014170D,Anfibi,Anfibi Donna in Pelle,,129.5,Giallo,Donna
951,24A_I308612DE,Tronchetti,Tronchetti Donna in Pelle,,129.5,,Donna
952,24A_I308813D,Stivali,Stivali Donna in Pelle e Materiale Tecnico,,129.5,,Donna
953,24A_I411846D,Anfibi,Anfibi Donna in Pelle,,129.5,,Donna
954,24A_I411847D,Anfibi,Anfibi Donna in Pelle,,129.5,,Donna
955,24A_I411997D,Stivali,Stivali Donna in Pelle,,129.5,,Donna
956,24A_I411998D,Stivali,Stivali Donna in Pelle,,129.5,,Donna
957,24A_I113274D,Stivali,Stivali Donna in Camoscio,,132.5,,Donna
958,24A_I013274D,Stivali,Stivali Donna in Pelle,,132.5,,Donna
959,24A_I013461DE,Tronchetti,Tronchetti Donna in Pelle e Camoscio,,132.5,,Donna
960,24A_I117561D,Stivali,Stivali Donna in Pelle,,132.5,,Donna
961,24A_I205521DE,Tronchetti,Tronchetti Donna in Pelle e Camoscio,,132.5,,Donna
962,24A_I309222D,Stivali,Stivali Donna in Pelle,,132.5,,Donna
963,24A_I410821DE,Tronchetti,Tronchetti Donna in Vernice,,132.5,Nero,Donna
964,24A_I410821DE,Tronchetti,Tronchetti Donna in Vernice,,132.5,Grigio,Donna
965,24A_I410881DE,Tronchetti,Tronchetti Donna in Vernice,,132.5,Nero,Donna
966,24A_I410881DE,Tronchetti,Tronchetti Donna in Vernice,,132.5,Grigio,Donna
967,24A_I410905D,Tronchetti,Tronchetti Donna in Pelle,,132.5,Nero,Donna
968,24A_I410905D,Tronchetti,Tronchetti Donna in Pelle,,132.5,Beige,Donna
969,24A_I410906D,Tronchetti,Tronchetti Donna in Vernice,,132.5,,Donna
970,24A_I410907D,Tronchetti,Tronchetti Donna in Pelle,,132.5,,Donna
971,24A_I410912D,Tronchetti,Tronchetti Donna in Camoscio e Pelle,,132.5,,Donna
972,24A_I410921D,Tronchetti,Tronchetti Donna in Vernice,,132.5,Nero,Donna
973,24A_I410921D,Tronchetti,Tronchetti Donna in Vernice,,132.5,Grigio,Donna
974,24A_I411012D,Tronchetti,Tronchetti Donna in Pelle,,132.5,,Donna
975,24A_I411013D,Tronchetti,Tronchetti Donna in Pelle,,132.5,,Donna
976,24A_I411730D,Stivali,Stivali Donna in Pelle,,132.5,,Donna
977,24A_I411731D,Stivali,Stivali Donna in Pelle,,132.5,,Donna
978,24A_I411790D,Stivali,Stivali Donna in Pelle,,132.5,,Donna
979,24A_I411791D,Stivali,Stivali Donna in Pelle,,132.5,,Donna
980,24A_I411800D,Stivali,Stivali Donna in Pelle,,132.5,,Donna
981,24A_I411801D,Stivali,Stivali Donna in Pelle,,132.5,,Donna
982,24A_I411802D,Stivali,Stivali Donna in Pelle,,132.5,,Donna
983,24A_I411803D,Stivali,Stivali Donna in Pelle,,132.5,,Donna
984,24A_I411821D,Stivali,Stivali Donna in Pelle,,132.5,,Donna
985,24A_I411837D,Stivali,Stivali Donna in Pelle,,132.5,,Donna
986,24A_I411838D,Stivali,Stivali Donna in Pelle,,132.5,,Donna
987,24A_I411840D,Stivali,Stivali Donna in Pelle e Materiale Tecnico,,132.5,,Donna
988,24A_I411855D,Stivali,Stivali Donna in Pelle,,132.5,,Donna
989,24A_I411903D,Anfibi,Anfibi Donna in Pelle,,132.5,,Donna
990,24A_I411983D,Stivali,Stivali Donna in Pelle,,132.5,,Donna
991,24A_I411984D,Stivali,Stivali Donna in Pelle,,132.5,,Donna
992,24A_I411989D,Stivali,Stivali Donna in Pelle,,132.5,,Donna
993,24A_I411996D,Stivali,Stivali Donna in Pelle,,132.5,,Donna
994,24A_I411740D,Stivali,Stivali Donna in Pelle,,136.5,Nero,Donna
995,24A_I411740D,Stivali,Stivali Donna in Pelle,,136.5,Marrone,Donna
996,24A_I411810D,Stivali,Stivali Donna in Pelle,,136.5,,Donna
997,24A_I411811D,Stivali,Stivali Donna in Pelle,,136.5,,Donna
998,24A_I411889D,Anfibi,Anfibi Donna in Pelle,,136.5,,Donna
999,24A_I309063D,Stivali,Stivali Donna in Pelle,,139.5,,Donna
1000,24A_I309081D,Stivali,Stivali Donna in Pelle,,139.5,,Donna
1001,24A_I309221D,Stivali,Stivali Donna in Pelle,,139.5,Nero,Donna
1002,24A_I309221D,Stivali,Stivali Donna in Pelle,,139.5,Marrone,Donna
1003,24A_I410827DE,Tronchetti,Tronchetti Donna in Pelle,,139.5,,Donna
1004,24A_I410847DE,Stivali,Stivali Donna in Materiale Tecnico e Pelle,,139.5,,Donna
1005,24A_I410910D,Stivali,Stivali Donna in Pelle,,139.5,,Donna
1006,24A_I410954D,Stivali,Stivali Donna in Pelle,,139.5,,Donna
1007,24A_I410970DE,Tronchetti,Tronchetti Donna in Pelle,,139.5,,Donna
1008,24A_I410980D,Tronchetti,Tronchetti Donna in Pelle,,139.5,,Donna
1009,24A_I410981D,Tronchetti,Tronchetti Donna in Pelle,,139.5,,Donna
1010,24A_I410985D,Tronchetti,Tronchetti Donna in Pelle,,139.5,,Donna
1011,24A_I411000D,Tronchetti,Tronchetti Donna in Pelle,,139.5,Nero,Donna
1012,24A_I411000D,Tronchetti,Tronchetti Donna in Pelle,,139.5,Avorio,Donna
1013,24A_I411010D,Tronchetti,Tronchetti Donna in Pelle,,139.5,,Donna
1014,24A_I411011D,Tronchetti,Tronchetti Donna in Pelle,,139.5,,Donna
1015,24A_I411750D,Stivali,Stivali Donna in Pelle e Materiale Tecnico,,139.5,Nero,Donna
1016,24A_I411750D,Stivali,Stivali Donna in Pelle e Materiale Tecnico,,139.5,Marrone,Donna
1017,24A_I411795D,Stivali,Stivali Donna in Pelle,,139.5,,Donna
1018,24A_I411841D,Stivali,Stivali Donna in Pelle e Materiale Tecnico,,139.5,,Donna
1019,24A_I411986D,Stivali,Stivali Donna in Pelle,,139.5,,Donna
1020,24A_I411987D,Stivali,Stivali Donna in Pelle,,139.5,,Donna
1021,24A_I411848D,Stivali,Stivali Donna in Pelle,,143.5,,Donna
1022,24A_I411935D,Anfibi,Anfibi Donna in Pelle,,143.5,,Donna
1023,24A_I410913D,Stivali,Stivali Donna in Pelle e Camoscio,,146.5,,Donna
1024,24A_I410955D,Stivali,Stivali Donna in Pelle,,146.5,,Donna
1025,24A_I410983D,Tronchetti,Tronchetti Donna in Pelle,,146.5,,Donna
1026,24A_I411014D,Stivali,Stivali Donna in Pelle,,150.5,,Donna
1027,24A_I308850D,Stivali,Stivali Donna in Pelle,,153.5,,Donna
1028,24A_I408850D,Stivali,Stivali Donna in Pelle,,153.5,,Donna
1029,24A_I410990D,Tronchetti,Tronchetti Donna in Pelle,,153.5,,Donna
1030,24A_E409790D,Stivaletti,Stivaletti Donna in Pelle,,159.5,,Donna
1031,24A_I410835DE,Stivali,Stivali Donna in Pelle,,160.5,,Donna
1032,24A_I410846DE,Stivali,Stivali Donna in Pelle,,160.5,,Donna
1033,24A_I411785D,Stivali,Stivali Donna in Pelle,,160.5,,Donna
1034,24A_I410824DE,Stivali,Stivali Donna in Pelle,,167.5,Nero,Donna
1035,24A_I410824DE,Stivali,Stivali Donna in Pelle,,167.5,Avorio,Donna
1036,24A_I410828DE,Stivali,Stivali Donna in Pelle,,167.5,,Donna
1037,24A_I410986D,Stivali,Stivali Donna in Pelle e Materiale Tecnico,,167.5,,Donna
1038,24A_I410832DE,Stivali,Stivali Donna in Pelle,,174.5,Nero,Donna
1039,24A_I410832DE,Stivali,Stivali Donna in Pelle,,174.5,Avorio,Donna
1040,24A_I410971DE,Stivali,Stivali Donna in Pelle,,174.5,,Donna
1041,24A_I410982D,Stivali,Stivali Donna in Pelle,,174.5,,Donna
1042,24A_I411001D,Stivali,Stivali Donna in Pelle,,174.5,,Donna
1043,24A_I410984D,Stivali,Stivali Donna in Pelle,,181.5,,Donna
1044,24A_I410825DE,Stivali,Stivali Donna in Pelle,,181.5,,Donna
1045,24A_I410826DE,Stivali,Stivali Donna in Pelle,,181.5,,Donna
1046,24A_I410991D,Stivali,Stivali Donna in Pelle,,195.5,,Donna
1047,24A_E409795D,Stivali,Stivali Donna in Pelle,,199.5,,Donna
1048,24A_I411852D,Tronchetti,Tronchetti Donna in Pelle,,104.5,,Donna
1049,24A_I400430U,Sneakers,Sneakers Uomo in Pelle,,94.5,Nero,Uomo
1050,24A_I400430U,Sneakers,Sneakers Uomo in Pelle,,94.5,Blue,Uomo
1051,24A_I400430U,Sneakers,Sneakers Uomo in Pelle,,94.5,Marrone,Uomo
1052,24A_I001651U,Polacchini,Polacchini Uomo in Camoscio,,97.5,,Uomo
1053,24A_I201651U,Polacchini,Polacchini Uomo in Camoscio,,97.5,Marrone,Uomo
1054,24A_I201651U,Polacchini,Polacchini Uomo in Camoscio,,97.5,T. Di Moro,Uomo
1055,24A_I202481U,Stringate,Stringate Uomo in Pelle,,97.5,,Uomo
1056,24A_I400312UE,Mocassini,Mocassini Mono Fibbia Uomo in Camoscio,,97.5,Blue,Uomo
1057,24A_I400312UE,Mocassini,Mocassini Mono Fibbia Uomo in Camoscio,,97.5,Marrone,Uomo
1058,24A_I400340U,Mocassini,Mocassini Uomo in Camoscio,,97.5,Blue,Uomo
1059,24A_I400340U,Mocassini,Mocassini Uomo in Camoscio,,97.5,Marrone,Uomo
1060,24A_I400341U,Mocassini,Mocassini Uomo in Camoscio,,97.5,Blue,Uomo
1061,24A_I400341U,Mocassini,Mocassini Uomo in Camoscio,,97.5,Marrone,Uomo
1062,24A_I400342U,Stringate,Stringate Uomo in Camoscio,,97.5,Blue,Uomo
1063,24A_I400342U,Stringate,Stringate Uomo in Camoscio,,97.5,Marrone,Uomo
1064,24A_I400350U,Stringate,Stringate Uomo in Camoscio,,97.5,Blue,Uomo
1065,24A_I400350U,Stringate,Stringate Uomo in Camoscio,,97.5,Marrone,Uomo
1066,24A_I400420U,Sneakers,"Sneakers Uomo in Camoscio, Pelle e Materiale Tecnico",,97.5,Grigio,Uomo
1067,24A_I400420U,Sneakers,"Sneakers Uomo in Camoscio, Pelle e Materiale Tecnico",,97.5,Blue,Uomo
1068,24A_I400420U,Sneakers,"Sneakers Uomo in Camoscio, Pelle e Materiale Tecnico",,97.5,Marrone,Uomo
1069,24A_I400420U,Sneakers,"Sneakers Uomo in Camoscio, Pelle e Materiale Tecnico",,97.5,Verde,Uomo
1070,24A_I400455U,Sneakers,Sneakers Uomo in Camoscio,,97.5,Marrone,Uomo
1071,24A_I400455U,Sneakers,Sneakers Uomo in Camoscio,,97.5,Verde,Uomo
1072,24A_I400411U,Sneakers,Sneakers Uomo in Pelle e Camoscio,,97.5,Nero,Uomo
1073,24A_I400411U,Sneakers,Sneakers Uomo in Pelle e Camoscio,,97.5,Blue,Uomo
1074,24A_I400411U,Sneakers,Sneakers Uomo in Pelle e Camoscio,,97.5,Marrone,Uomo
1075,24A_I400310UE,Mocassini,Mocassini Uomo in Pelle,,101.5,Nero,Uomo
1076,24A_I400310UE,Mocassini,Mocassini Uomo in Pelle,,101.5,Marrone,Uomo
1077,24A_I400370U,Stringate,Stringate Uomo in Pelle,,101.5,,Uomo
1078,24A_I400410U,Sneakers,"Sneakers Uomo in Camoscio, Pelle e Tessuto",,101.5,Grigio,Uomo
1079,24A_I400410U,Sneakers,"Sneakers Uomo in Camoscio, Pelle e Tessuto",,101.5,Blue,Uomo
1080,24A_I400410U,Sneakers,"Sneakers Uomo in Camoscio, Pelle e Tessuto",,101.5,Marrone,Uomo
1081,24A_I400431U,Sneakers,Sneakers Alta Uomo in Pelle,,101.5,Nero,Uomo
1082,24A_I400431U,Sneakers,Sneakers Alta Uomo in Pelle,,101.5,Bianco,Uomo
1083,24A_I302941UE,Stringate,Stringate Uomo in Pelle,,104.5,,Uomo
1084,24A_I102153U,Sneakers,Sneakers Uomo in Pelle,,104.5,,Uomo
1085,24A_I001652U,Stivaletti chelsea,Stivaletti Chelsea Uomo in Camoscio,,104.5,,Uomo
1086,24A_I201652U,Stivaletti chelsea,Stivaletti Chelsea Uomo in Camoscio,,104.5,Marrone,Uomo
1087,24A_I201652U,Stivaletti chelsea,Stivaletti Chelsea Uomo in Camoscio,,104.5,T. Di Moro,Uomo
1088,24A_I202501U,Sneakers,Sneakers Uomo in Camoscio e Pelle,,104.5,Grigio,Uomo
1089,24A_I202501U,Sneakers,Sneakers Uomo in Camoscio e Pelle,,104.5,Blue,Uomo
1090,24A_I302940UE,Stringate,Stringate Uomo in Pelle,,104.5,,Uomo
1091,24A_I400302UE,Stringate,Stringate Uomo in Pelle,,104.5,,Uomo
1092,24A_I400303UE,Stringate,Stringate Uomo in Pelle,,104.5,,Uomo
1093,24A_I400311UE,Doppia fibbia,Doppia Fibbia Uomo in Pelle,,104.5,Nero,Uomo
1094,24A_I400311UE,Doppia fibbia,Doppia Fibbia Uomo in Pelle,,104.5,Marrone,Uomo
1095,24A_I400330U,Mocassini,Mocassini Uomo in Pelle,,104.5,Nero,Uomo
1096,24A_I400330U,Mocassini,Mocassini Uomo in Pelle,,104.5,Blue,Uomo
1097,24A_I400330U,Mocassini,Mocassini Uomo in Pelle,,104.5,Marrone,Uomo
1098,24A_I400331U,Stringate,Stringate Uomo in Pelle,,104.5,Nero,Uomo
1099,24A_I400331U,Stringate,Stringate Uomo in Pelle,,104.5,Blue,Uomo
1100,24A_I400400U,Sneakers,Sneakers Uomo in Pelle,,104.5,Nero,Uomo
1101,24A_I400400U,Sneakers,Sneakers Uomo in Pelle,,104.5,Blue,Uomo
1102,24A_I400400U,Sneakers,Sneakers Uomo in Pelle,,104.5,Marrone,Uomo
1103,24A_I400401U,Sneakers,"Sneakers Uomo in Camoscio, Pelle e Materiale Tecnico",,104.5,Blue,Uomo
1104,24A_I400401U,Sneakers,"Sneakers Uomo in Camoscio, Pelle e Materiale Tecnico",,104.5,Marrone,Uomo
1105,24A_I400401U,Sneakers,"Sneakers Uomo in Camoscio, Pelle e Materiale Tecnico",,104.5,Verde,Uomo
1106,24A_I400450U,Sneakers,Sneakers Uomo in Pelle,,104.5,,Uomo
1107,24A_I400452U,Sneakers,Sneakers Uomo in Camoscio e Tessuto,,104.5,Grigio,Uomo
1108,24A_I400452U,Sneakers,Sneakers Uomo in Camoscio e Tessuto,,104.5,Blue,Uomo
1109,24A_I400452U,Sneakers,Sneakers Uomo in Camoscio e Tessuto,,104.5,Marrone,Uomo
1110,24A_I400456U,Sneakers,Sneakers Uomo in Pelle,,104.5,,Uomo
1111,24A_I400481U,Sneakers,Sneakers Uomo in Camoscio,,104.5,Blue,Uomo
1112,24A_I400481U,Sneakers,Sneakers Uomo in Camoscio,,104.5,Marrone,Uomo
1113,24A_I402153U,Sneakers,Sneakers Uomo in Pelle,,104.5,,Uomo
1114,24A_I400440U,Sneakers,Sneakers Alta Uomo in Pelle,,104.5,Nero,Uomo
1115,24A_I400440U,Sneakers,Sneakers Alta Uomo in Pelle,,104.5,Marrone,Uomo
1116,24A_I400351U,Stivaletti chelsea,Stivaletti Chelsea Uomo in Camoscio,,108.5,Blue,Uomo
1117,24A_I400351U,Stivaletti chelsea,Stivaletti Chelsea Uomo in Camoscio,,108.5,Marrone,Uomo
1118,24A_I400360U,Mocassini,Mocassini Uomo in Pelle,,108.5,Nero,Uomo
1119,24A_I400360U,Mocassini,Mocassini Uomo in Pelle,,108.5,Marrone,Uomo
1120,24A_I400375U,Stringate,Stringate Uomo in Pelle,,108.5,,Uomo
1121,24A_I400460U,Sneakers,Sneakers Uomo in Pelle,,108.5,Nero,Uomo
1122,24A_I400460U,Sneakers,Sneakers Uomo in Pelle,,108.5,Blue,Uomo
1123,24A_I400460U,Sneakers,Sneakers Uomo in Pelle,,108.5,Marrone,Uomo
1124,24A_I400523U,Stringate,Stringate Uomo in Pelle,,108.5,,Uomo
1125,24A_I400524U,Stringate,Stringate Uomo in Camoscio,,108.5,,Uomo
1126,24A_I001663U,Stivaletti chelsea,Stivaletti Chelsea Uomo in Pelle,,111.5,,Uomo
1127,24A_I201663U,Stivaletti chelsea,Stivaletti Chelsea Uomo in Pelle,,111.5,,Uomo
1128,24A_I304011U,Stivaletti chelsea,Stivaletti Chelsea Uomo in Camoscio,,111.5,,Uomo
1129,24A_I400300UE,Stringate,Stringate Uomo in Vernice,,111.5,,Uomo
1130,24A_I400301UE,Stringate,Stringate Uomo in Vernice,,111.5,,Uomo
1131,24A_I400332U,Stivaletti chelsea,Stivaletti Chelsea Uomo in Pelle,,111.5,Nero,Uomo
1132,24A_I400332U,Stivaletti chelsea,Stivaletti Chelsea Uomo in Pelle,,111.5,Marrone,Uomo
1133,24A_I400412U,Sneakers,Sneakers Uomo in Pelle,,111.5,,Uomo
1134,24A_I400413U,Sneakers,Sneakers Uomo in Pelle,,111.5,,Uomo
1135,24A_I400470U,Sneakers,Sneakers Uomo in Pelle e Camoscio,,111.5,Grigio,Uomo
1136,24A_I400470U,Sneakers,Sneakers Uomo in Pelle e Camoscio,,111.5,Blue,Uomo
1137,24A_I400470U,Sneakers,Sneakers Uomo in Pelle e Camoscio,,111.5,Marrone,Uomo
1138,24A_I400480U,Sneakers,Sneakers Uomo in Pelle,,111.5,Nero,Uomo
1139,24A_I400480U,Sneakers,Sneakers Uomo in Pelle,,111.5,Bianco,Uomo
1140,24A_I404011U,Stivaletti chelsea,Stivaletti Chelsea Uomo in Camoscio,,111.5,,Uomo
1141,24A_I304010U,Stivaletti,Stivaletti Uomo in Camoscio,,115.5,,Uomo
1142,24A_I400372U,Stivaletti chelsea,Stivaletti Chelsea Uomo in Pelle,,115.5,,Uomo
1143,24A_I400373U,Anfibi,Anfibi Uomo in Pelle,,115.5,,Uomo
1144,24A_I400374U,Anfibi,Anfibi Uomo in Pelle,,115.5,,Uomo
1145,24A_I400414U,Sneakers,Sneakers Uomo in Pelle,,115.5,,Uomo
1146,24A_I400525U,Stivaletti chelsea,Stivaletti Chelsea Uomo in Pelle,,115.5,,Uomo
1147,24A_I400526U,Stivaletti chelsea,Stivaletti Chelsea Uomo in Camoscio,,115.5,,Uomo
1148,24A_I404010U,Stivaletti,Stivaletti Uomo in Camoscio,,115.5,,Uomo
1149,24A_I400371U,Stivaletti chelsea,Stivaletti Chelsea Uomo in Pelle,,115.5,,Uomo
1150,24A_I102132U,Stivaletti,Stivaletti Uomo in Pelle,,118.5,Nero,Uomo
1151,24A_I102132U,Stivaletti,Stivaletti Uomo in Pelle,,118.5,Marrone,Uomo
1152,24A_I400304UE,Stivaletti chelsea,Stivaletti Chelsea Uomo in Pelle,,118.5,,Uomo
1153,24A_I400361U,Stivaletti chelsea,Stivaletti Chelsea Uomo in Pelle,,118.5,Nero,Uomo
1154,24A_I400361U,Stivaletti chelsea,Stivaletti Chelsea Uomo in Pelle,,118.5,Marrone,Uomo
1155,24A_I400451U,Sneakers,Sneakers Alta Uomo in Pelle,,118.5,,Uomo
1156,24A_I400457U,Sneakers,Sneakers Alta Uomo in Pelle,,118.5,,Uomo
1157,24A_I400501U,Stivaletti,Stivaletti Uomo in Pelle,,118.5,Nero,Uomo
1158,24A_I400501U,Stivaletti,Stivaletti Uomo in Pelle,,118.5,Marrone,Uomo
1159,24A_I400502U,Stivaletti,Stivaletti Uomo in Pelle,,118.5,Nero,Uomo
1160,24A_I400502U,Stivaletti,Stivaletti Uomo in Pelle,,118.5,Marrone,Uomo
1161,24A_I400510U,Stivaletti,Stivaletti Uomo in Pelle,,118.5,,Uomo
1162,24A_I400512U,Stivaletti,Stivaletti Uomo in Pelle,,118.5,,Uomo
1163,24A_I400513U,Stivaletti,Stivaletti Uomo in Pelle,,118.5,,Uomo
1164,24A_I400514U,Stivaletti,Stivaletti Uomo in Pelle,,118.5,,Uomo
1165,24A_I001656U,Stivaletti chelsea,Stivaletti Chelsea Uomo in Pelle,,122.5,,Uomo
1166,24A_I102155U,Sneakers,Sneakers Uomo in Pelle,,125.5,,Uomo
1167,24A_I400458U,Sneakers,Sneakers Alta Uomo in Pelle,,125.5,,Uomo
1168,24A_I400515U,Stivaletti,Stivaletti Uomo in Pelle,,132.5,,Uomo
1169,24A_I202640U,Anfibi,Anfibi Uomo in Pelle,,136.5,Nero,Uomo
1170,24A_I202640U,Anfibi,Anfibi Uomo in Pelle,,136.5,Giallo,Uomo
